LREF	IOCODE	FICHENO	DATE_	DUEDATE	TYPE	CLIENTREF	TLTOTAL	CURID	CURTOTAL	EXPLAIN	CANCELED	OWNERREF	OWNERTYPE	TAX	DV	GRANDTOTAL	PRINTCOUNT	PAYABLETOTAL	CLOSED	FITNO	BN_TYPE	AMOUNT	PERIOD	ADDDATE	ADDUSER	ABYS_ID	ABYS_ACCOUNT_ID	ABYS_ACTION_TYPE_ID	ABYS_AGREEMENT_ID	ABYS_MAIN_LREF	OV_KIND
48561781	1	TAHSILAT	2010-09-07 00:00:00	2010-09-07 00:00:00	101	251522	15	160	15	\N	0	197168	91	0	0	15	0	15	1	136283	1	15	201009	2010-09-07 00:00:00	10001	48561781	9673615	33	197168	16638762	TAH_INV
58196063	1	TAHSILAT	2011-06-16 00:00:00	2011-06-16 00:00:00	101	251522	115	160	115	\N	0	197168	91	0	0	115	0	115	1	136283	1	115	201106	2011-06-16 00:00:00	10001	58196063	11412464	33	197168	18380133	TAH_INV
40731962	1	TAHSILAT	2011-07-18 00:00:00	2011-07-18 00:00:00	101	251522	20	160	20	\N	0	197168	91	0	0	20	0	20	1	136283	1	20	201107	2011-07-18 00:00:00	10001	40731962	11517615	43	197168	18485369	TAH_INV
58958224	1	TAHSILAT	2012-02-14 00:00:00	2012-02-14 00:00:00	101	251522	425	160	425	\N	0	197168	91	0	0	425	0	425	1	136283	1	425	201201	2012-02-14 00:00:00	10001	58958224	13000681	22	197168	19970087	TAH_INV
42175491	1	TAHSILAT	2012-10-15 00:00:00	2012-10-15 00:00:00	101	251522	565	160	565	\N	0	197168	91	0	0	565	0	565	1	136283	1	565	201202	2012-10-15 00:00:00	10001	42175491	13221074	22	197168	20190743	TAH_INV
50830067	1	TAHSILAT	2012-03-13 00:00:00	2012-03-13 00:00:00	101	251522	405	160	405	\N	0	197168	91	0	0	405	0	405	1	136283	1	405	201203	2012-03-13 00:00:00	10001	50830067	13258024	22	197168	20227726	TAH_INV
42175490	1	TAHSILAT	2012-10-15 00:00:00	2012-10-15 00:00:00	101	251522	20	160	20	\N	0	197168	91	0	0	20	0	20	1	136283	1	20	201210	2012-10-15 00:00:00	10001	42175490	14933170	22	197168	21904363	TAH_INV
42343634	1	TAHSILAT	2012-11-21 00:00:00	2012-11-21 00:00:00	101	251522	25	160	25	\N	0	197168	91	0	0	25	0	25	1	136283	1	25	201211	2012-11-21 00:00:00	10001	42343634	15166687	22	197168	22138057	TAH_INV
43116139	1	TAHSILAT	2013-06-18 00:00:00	2013-06-18 00:00:00	101	251522	25	160	25	\N	0	197168	91	0	0	25	0	25	1	136283	1	25	201306	2013-06-18 00:00:00	10001	43116139	16742819	32	197168	23715324	TAH_INV
51628432	1	TAHSILAT	2013-08-03 00:00:00	2013-08-03 00:00:00	101	251522	20	160	20	\N	0	197168	91	0	0	20	0	20	1	136283	1	20	201307	2013-08-03 00:00:00	10001	51628432	17029312	32	197168	24002032	TAH_INV
43820417	1	TAHSILAT	2013-12-05 00:00:00	2013-12-05 00:00:00	101	251522	50	160	50	\N	0	197168	91	0	0	50	0	50	1	136283	1	50	201311	2013-12-05 00:00:00	10001	43820417	18560640	32	197168	25534581	TAH_INV
53139052	1	TAHSILAT	2014-03-20 00:00:00	2014-03-20 00:00:00	101	251522	380	160	380	\N	0	197168	91	0	0	380	0	380	1	136283	1	380	201402	2014-03-20 00:00:00	10001	53139052	18879101	32	197168	25853331	TAH_INV
51678945	1	TAHSILAT	2014-10-09 00:00:00	2014-10-09 00:00:00	101	251522	20	160	20	\N	0	197168	91	0	0	20	0	20	1	136283	1	20	201408	2014-10-09 00:00:00	10001	51678945	20418681	32	197168	27393939	TAH_INV
48357301	1	TAHSILAT	2014-11-20 00:00:00	2014-11-20 00:00:00	101	251522	15	160	15	\N	0	197168	91	0	0	15	0	15	1	136283	1	15	201409	2014-11-20 00:00:00	10001	48357301	20561806	32	197168	27537193	TAH_INV
45825012	1	TAHSILAT	2015-04-07 00:00:00	2015-04-07 00:00:00	101	251522	460	160	460	\N	0	197168	91	0	0	460	0	460	1	136283	1	460	201503	2015-04-07 00:00:00	10001	45825012	22437159	32	197168	29413665	TAH_INV
58008942	1	TAHSILAT	2015-09-28 00:00:00	2015-09-28 00:00:00	101	251522	15	160	15	\N	0	197168	91	0	0	15	0	15	1	136283	1	15	201508	2015-09-28 00:00:00	10001	58008942	23949084	32	197168	30926441	TAH_INV
46454345	1	TAHSILAT	2015-09-28 00:00:00	2015-09-28 00:00:00	101	251522	10	160	10	\N	0	197168	91	0	0	10	0	10	1	136283	1	10	201509	2015-09-28 00:00:00	10001	46454345	24101103	32	197168	31078567	TAH_INV
46682254	1	TAHSILAT	2015-11-19 00:00:00	2015-11-19 00:00:00	101	251522	15	160	15	\N	0	197168	91	0	0	15	0	15	1	136283	1	15	201510	2015-11-19 00:00:00	10001	46682254	24342297	32	197168	31319919	TAH_INV
57669008	1	TAHSILAT	2016-04-08 00:00:00	2016-04-08 00:00:00	101	251522	355	160	355	\N	0	197168	91	0	0	355	0	355	1	136283	1	355	201603	2016-04-08 00:00:00	10001	57669008	25947411	32	197168	32926055	TAH_INV
47516805	1	TAHSILAT	2016-06-19 00:00:00	2016-06-19 00:00:00	101	251522	275	160	275	\N	0	197168	91	0	0	275	0	275	1	136283	1	275	201604	2016-06-19 00:00:00	10001	47516805	26145760	32	197168	33124498	TAH_INV
69704255	1	TAHSILAT	2017-05-08 10:23:59	2017-05-08 10:23:59	101	251522	358	160	358	\N	0	197168	91	0	0	358	0	358	1	136283	1	358	201703	2017-05-08 10:23:59	10800	69704255	30263078	32	197168	68668694	TAH_INV
49304862	1	TAHSILAT	2010-10-14 00:00:00	2010-10-14 00:00:00	101	251522	25	160	25	\N	0	197168	91	0	0	25	0	25	1	136283	1	25	201010	2010-10-14 00:00:00	10001	49304862	9919545	7	197168	16885098	TAH_INV
40058427	1	TAHSILAT	2010-11-25 00:00:00	2010-11-25 00:00:00	101	251522	130	160	130	\N	0	197168	91	0	0	130	0	130	1	136283	1	130	201011	2010-11-25 00:00:00	10001	40058427	10069228	33	197168	17034950	TAH_INV
51528373	1	TAHSILAT	2010-12-22 00:00:00	2010-12-22 00:00:00	101	251522	95	160	95	\N	0	197168	91	0	0	95	0	95	1	136283	1	95	201012	2010-12-22 00:00:00	10001	51528373	10145323	33	197168	17111116	TAH_INV
49332052	1	TAHSILAT	2011-08-16 00:00:00	2011-08-16 00:00:00	101	251522	20	160	20	\N	0	197168	91	0	0	20	0	20	1	136283	1	20	201108	2011-08-16 00:00:00	10001	49332052	11778475	33	197168	18746477	TAH_INV
58944343	1	TAHSILAT	2011-09-23 00:00:00	2011-09-23 00:00:00	101	251522	15	160	15	\N	0	197168	91	0	0	15	0	15	1	136283	1	15	201109	2011-09-23 00:00:00	10001	58944343	11881154	22	197168	18849256	TAH_INV
58944443	1	TAHSILAT	2011-09-23 00:00:00	2011-09-23 00:00:00	101	0	15	160	15	\N	0	197168	91	0	0	15	0	15	1	\N	\N	15	\N	2011-09-23 00:00:00	211	58944443	11881154	5	197168	\N	TAH_INV
41640821	1	TAHSILAT	2012-04-30 00:00:00	2012-04-30 00:00:00	101	251522	180	160	180	\N	0	197168	91	0	0	180	0	180	1	136283	1	180	201204	2012-04-30 00:00:00	10001	41640821	13545776	33	197168	20515715	TAH_INV
41723051	1	TAHSILAT	2012-05-22 00:00:00	2012-05-22 00:00:00	101	251522	70	160	70	\N	0	197168	91	0	0	70	0	70	1	136283	1	70	201205	2012-05-22 00:00:00	10001	41723051	13724458	5	197168	20694535	TAH_INV
48623211	1	TAHSILAT	2012-06-18 00:00:00	2012-06-18 00:00:00	101	251522	35	160	35	\N	0	197168	91	0	0	35	0	35	1	136283	1	35	201206	2012-06-18 00:00:00	10001	48623211	13800010	33	197168	20770139	TAH_INV
42333918	1	TAHSILAT	2012-12-19 00:00:00	2012-12-19 00:00:00	101	251522	145	160	145	\N	0	197168	91	0	0	145	0	145	1	136283	1	145	201212	2012-12-19 00:00:00	10001	42333918	15444569	22	197168	22416150	TAH_INV
42596505	1	TAHSILAT	2013-02-25 00:00:00	2013-02-25 00:00:00	101	251522	500	160	500	\N	0	197168	91	0	0	500	0	500	1	136283	1	500	201301	2013-02-25 00:00:00	10001	42596505	15640062	22	197168	22611802	TAH_INV
49395260	1	TAHSILAT	2013-03-13 00:00:00	2013-03-13 00:00:00	101	251522	295	160	295	\N	0	197168	91	0	0	295	0	295	1	136283	1	295	201302	2013-03-13 00:00:00	10001	49395260	15664805	22	197168	22636570	TAH_INV
54959127	1	TAHSILAT	2013-09-16 00:00:00	2013-09-16 00:00:00	101	251522	25	160	25	\N	0	197168	91	0	0	25	0	25	1	136283	1	25	201308	2013-09-16 00:00:00	10001	54959127	17374918	33	197168	24347929	TAH_INV
44371927	1	TAHSILAT	2014-04-19 00:00:00	2014-04-19 00:00:00	101	251522	340	160	340	\N	0	197168	91	0	0	340	0	340	1	136283	1	340	201403	2014-04-19 00:00:00	10001	44371927	19070407	32	197168	26044775	TAH_INV
59051045	1	TAHSILAT	2014-04-25 00:00:00	2014-04-25 00:00:00	101	251522	240	160	240	\N	0	197168	91	0	0	240	0	240	1	136283	1	240	201404	2014-04-25 00:00:00	10001	59051045	19261180	32	197168	26235680	TAH_INV
45149432	1	TAHSILAT	2014-11-20 00:00:00	2014-11-20 00:00:00	101	251522	20	160	20	\N	0	197168	91	0	0	20	0	20	1	136283	1	20	201410	2014-11-20 00:00:00	10001	45149432	21101581	32	197168	28077379	TAH_INV
58360701	1	TAHSILAT	2015-05-26 00:00:00	2015-05-26 00:00:00	101	251522	375	160	375	\N	0	197168	91	0	0	375	0	375	1	136283	1	375	201504	2015-05-26 00:00:00	10001	58360701	22707632	32	197168	29684250	TAH_INV
50233925	1	TAHSILAT	2015-06-22 00:00:00	2015-06-22 00:00:00	101	251522	130	160	130	\N	0	197168	91	0	0	130	0	130	1	136283	1	130	201505	2015-06-22 00:00:00	10001	50233925	22872262	32	197168	29848976	TAH_INV
46739567	1	TAHSILAT	2015-12-17 00:00:00	2015-12-17 00:00:00	101	251522	150	160	150	\N	0	197168	91	0	0	150	0	150	1	136283	1	150	201511	2015-12-17 00:00:00	10001	46739567	24540900	32	197168	31518726	TAH_INV
63947415	1	TAHSILAT	2016-08-15 15:53:13	2016-08-15 15:53:13	101	251522	13.51	160	13.51	\N	0	197168	91	0	0	13.51	0	13.51	1	136283	1	13.51	201608	2016-08-15 15:53:13	10800	63947415	27888715	6	197168	63947404	TAH_INV
63947417	1	TAHSILAT	2016-08-15 15:53:13	2016-08-15 15:53:13	101	251522	0.43	160	0.43	\N	0	197168	91	0	0	0.43	0	0.43	1	136283	1	0.43	201608	2016-08-15 15:53:13	10800	63947417	27888715	6	197168	63947404	TAH_INV
63947419	1	TAHSILAT	2016-08-15 15:53:13	2016-08-15 15:53:13	101	251522	14.57	160	14.57	\N	0	197168	91	0	0	14.57	0	14.57	1	136283	1	14.57	201608	2016-08-15 15:53:13	10800	63947419	27888715	6	197168	63947404	TAH_INV
65190622	1	TAHSILAT	2016-10-07 09:00:49	2016-10-07 09:00:49	101	251522	6.49	160	6.49	\N	0	197168	91	0	0	6.49	0	6.49	1	136283	1	6.49	201608	2016-10-07 09:00:49	10800	65190622	27888715	32	197168	63947404	TAH_INV
68698922	1	TAHSILAT	2017-03-16 14:01:08	2017-03-16 14:01:08	101	251522	389	160	389	\N	0	197168	91	0	0	389	0	389	1	136283	1	389	201612	2017-03-16 14:01:08	10800	68698922	29277372	32	197168	66772613	TAH_INV
40345771	1	TAHSILAT	2011-02-28 00:00:00	2011-02-28 00:00:00	101	251522	350	160	350	\N	0	197168	91	0	0	350	0	350	1	136283	1	350	201101	2011-02-28 00:00:00	10001	40345771	10458275	7	197168	17424368	TAH_INV
60940043	1	TAHSILAT	2011-10-11 13:57:26	2011-10-11 13:57:26	101	251522	9.9	160	9.9	\N	0	197168	91	0	0	9.9	0	9.9	1	136283	1	9.9	201110	2011-10-11 13:57:26	10001	60940043	12147565	6	197168	19115898	TAH_INV
60940054	1	TAHSILAT	2011-11-14 10:48:40	2011-11-14 10:48:40	101	251522	5.1	160	5.1	\N	0	197168	91	0	0	5.1	0	5.1	1	136283	1	5.1	201111	2011-11-14 10:48:40	10001	60940054	12476283	6	197168	19444984	TAH_INV
60940061	1	TAHSILAT	2011-11-14 10:48:40	2011-11-14 10:48:40	101	251522	15	160	15	\N	0	197168	91	0	0	15	0	15	1	136283	1	15	201111	2011-11-14 10:48:40	10001	60940061	12476283	6	197168	19444984	TAH_INV
52670293	1	TAHSILAT	2011-12-02 00:00:00	2011-12-02 00:00:00	101	251522	280	160	280	\N	0	197168	91	0	0	280	0	280	1	136283	1	280	201111	2011-12-02 00:00:00	10001	52670293	12476283	33	197168	19444984	TAH_INV
57502461	1	TAHSILAT	2012-07-25 00:00:00	2012-07-25 00:00:00	101	251522	20	160	20	\N	0	197168	91	0	0	20	0	20	1	136283	1	20	201207	2012-07-25 00:00:00	10001	57502461	14107128	22	197168	21077498	TAH_INV
50522704	1	TAHSILAT	2013-10-11 00:00:00	2013-10-11 00:00:00	101	251522	15	160	15	\N	0	197168	91	0	0	15	0	15	1	136283	1	15	201309	2013-10-11 00:00:00	10001	50522704	17577484	33	197168	24550658	TAH_INV
50164553	1	TAHSILAT	2013-12-05 00:00:00	2013-12-05 00:00:00	101	251522	20	160	20	\N	0	197168	91	0	0	20	0	20	1	136283	1	20	201310	2013-12-05 00:00:00	10001	50164553	17673501	32	197168	24646736	TAH_INV
56101083	1	TAHSILAT	2014-06-21 00:00:00	2014-06-21 00:00:00	101	251522	105	160	105	\N	0	197168	91	0	0	105	0	105	1	136283	1	105	201405	2014-06-21 00:00:00	10001	56101083	19605461	32	197168	26580179	TAH_INV
44525016	1	TAHSILAT	2014-06-21 00:00:00	2014-06-21 00:00:00	101	251522	20	160	20	\N	0	197168	91	0	0	20	0	20	1	136283	1	20	201406	2014-06-21 00:00:00	10001	44525016	19803104	32	197168	26777924	TAH_INV
45288648	1	TAHSILAT	2014-12-18 00:00:00	2014-12-18 00:00:00	101	251522	135	160	135	\N	0	197168	91	0	0	135	0	135	1	136283	1	135	201411	2014-12-18 00:00:00	10001	45288648	21375002	32	197168	28350953	TAH_INV
50211452	1	TAHSILAT	2015-01-19 00:00:00	2015-01-19 00:00:00	101	251522	325	160	325	\N	0	197168	91	0	0	325	0	325	1	136283	1	325	201412	2015-01-19 00:00:00	10001	50211452	21568240	32	197168	28544306	TAH_INV
54309304	1	TAHSILAT	2015-07-27 00:00:00	2015-07-27 00:00:00	101	251522	20	160	20	\N	0	197168	91	0	0	20	0	20	1	136283	1	20	201506	2015-07-27 00:00:00	10001	54309304	23280943	32	197168	30257868	TAH_INV
55415851	1	TAHSILAT	2015-07-27 00:00:00	2015-07-27 00:00:00	101	251522	20	160	20	\N	0	197168	91	0	0	20	0	20	1	136283	1	20	201507	2015-07-27 00:00:00	10001	55415851	23341407	32	197168	30318369	TAH_INV
54693471	1	TAHSILAT	2015-12-17 00:00:00	2015-12-17 00:00:00	101	251522	265	160	265	\N	0	197168	91	0	0	265	0	265	1	136283	1	265	201512	2015-12-17 00:00:00	10001	54693471	25019685	32	197168	31997813	TAH_INV
46994896	1	TAHSILAT	2016-02-18 00:00:00	2016-02-18 00:00:00	101	251522	520	160	520	\N	0	197168	91	0	0	520	0	520	1	136283	1	520	201601	2016-02-18 00:00:00	10001	46994896	25298027	32	197168	32276365	TAH_INV
53239954	1	TAHSILAT	2016-06-19 00:00:00	2016-06-19 00:00:00	101	251522	10	160	10	\N	0	197168	91	0	0	10	0	10	1	136283	1	10	201605	2016-06-19 00:00:00	10001	53239954	26698721	32	197168	33677718	TAH_INV
63078818	1	TAHSILAT	2016-07-29 10:35:20	2016-07-29 10:35:20	101	251522	15	160	15	\N	0	197168	91	0	0	15	0	15	1	136283	1	15	201606	2016-07-29 10:35:20	10001	63078818	26777704	32	197168	33756749	TAH_INV
65190624	1	TAHSILAT	2016-10-07 09:00:52	2016-10-07 09:00:52	101	251522	15	160	15	\N	0	197168	91	0	0	15	0	15	1	136283	1	15	201609	2016-10-07 09:00:52	10800	65190624	28266770	32	197168	64818280	TAH_INV
68698921	1	TAHSILAT	2017-03-16 14:01:07	2017-03-16 14:01:07	101	251522	615	160	615	\N	0	197168	91	0	0	615	0	615	1	136283	1	615	201701	2017-03-16 14:01:07	10800	68698921	29608494	32	197168	67421689	TAH_INV
69725444	1	TAHSILAT	2017-05-08 16:57:39	2017-05-08 16:57:39	101	251522	374	160	374	\N	0	197168	91	0	0	374	0	374	1	136283	1	374	201704	2017-05-08 16:57:39	10800	69725444	30592502	32	197168	69297657	TAH_INV
57449061	1	TAHSILAT	2011-03-12 00:00:00	2011-03-12 00:00:00	101	251522	285	160	285	\N	0	197168	91	0	0	285	0	285	1	136283	1	285	201102	2011-03-12 00:00:00	10001	57449061	10742132	33	197168	17709010	TAH_INV
51906085	1	TAHSILAT	2011-03-11 00:00:00	2011-03-11 00:00:00	101	251522	390	160	390	\N	0	197168	91	0	0	390	0	390	1	136283	1	390	201103	2011-03-11 00:00:00	10001	51906085	10809737	33	197168	17776829	TAH_INV
40479542	1	TAHSILAT	2011-04-20 00:00:00	2011-04-20 00:00:00	101	251522	330	160	330	\N	0	197168	91	0	0	330	0	330	1	136283	1	330	201104	2011-04-20 00:00:00	10001	40479542	10887878	33	197168	17855023	TAH_INV
50825199	1	TAHSILAT	2012-01-20 00:00:00	2012-01-20 00:00:00	101	251522	335	160	335	\N	0	197168	91	0	0	335	0	335	1	136283	1	335	201112	2012-01-20 00:00:00	10001	50825199	12683079	22	197168	19652037	TAH_INV
42073278	1	TAHSILAT	2012-08-14 00:00:00	2012-08-14 00:00:00	101	251522	20	160	20	\N	0	197168	91	0	0	20	0	20	1	136283	1	20	201208	2012-08-14 00:00:00	10001	42073278	14501773	22	197168	21472575	TAH_INV
41934175	1	TAHSILAT	2012-09-15 00:00:00	2012-09-15 00:00:00	101	251522	25	160	25	\N	0	197168	91	0	0	25	0	25	1	136283	1	25	201209	2012-09-15 00:00:00	10001	41934175	14655321	33	197168	21626273	TAH_INV
56043876	1	TAHSILAT	2013-04-08 00:00:00	2013-04-08 00:00:00	101	251522	320	160	320	\N	0	197168	91	0	0	320	0	320	1	136283	1	320	201303	2013-04-08 00:00:00	10001	56043876	16209510	33	197168	23181654	TAH_INV
52728676	1	TAHSILAT	2013-05-24 00:00:00	2013-05-24 00:00:00	101	251522	275	160	275	\N	0	197168	91	0	0	275	0	275	1	136283	1	275	201304	2013-05-24 00:00:00	10001	52728676	16435067	33	197168	23407379	TAH_INV
43083813	1	TAHSILAT	2013-07-16 00:00:00	2013-07-16 00:00:00	101	251522	145	160	145	\N	0	197168	91	0	0	145	0	145	1	136283	1	145	201305	2013-07-16 00:00:00	10001	43083813	16547588	32	197168	23519962	TAH_INV
44081513	1	TAHSILAT	2014-01-24 00:00:00	2014-01-24 00:00:00	101	251522	440	160	440	\N	0	197168	91	0	0	440	0	440	1	136283	1	440	201401	2014-01-24 00:00:00	10001	44081513	18091151	33	197168	25064724	TAH_INV
53491025	1	TAHSILAT	2013-12-30 00:00:00	2013-12-30 00:00:00	101	251522	340	160	340	\N	0	197168	91	0	0	340	0	340	1	136283	1	340	201312	2013-12-30 00:00:00	10001	53491025	18186808	32	197168	25160450	TAH_INV
59431866	1	TAHSILAT	2014-07-24 00:00:00	2014-07-24 00:00:00	101	251522	20	160	20	\N	0	197168	91	0	0	20	0	20	1	136283	1	20	201407	2014-07-24 00:00:00	10001	59431866	20129070	32	197168	27104106	TAH_INV
50962692	1	TAHSILAT	2015-02-23 00:00:00	2015-02-23 00:00:00	101	251522	580	160	580	\N	0	197168	91	0	0	580	0	580	1	136283	1	580	201501	2015-02-23 00:00:00	10001	50962692	21691018	32	197168	28667150	TAH_INV
45779139	1	TAHSILAT	2015-03-16 00:00:00	2015-03-16 00:00:00	101	251522	495	160	495	\N	0	197168	91	0	0	495	0	495	1	136283	1	495	201502	2015-03-16 00:00:00	10001	45779139	21994622	32	197168	28970899	TAH_INV
49535817	1	TAHSILAT	2016-03-08 00:00:00	2016-03-08 00:00:00	101	251522	510	160	510	\N	0	197168	91	0	0	510	0	510	1	136283	1	510	201602	2016-03-08 00:00:00	10001	49535817	25559732	32	197168	32538207	TAH_INV
66713075	1	TAHSILAT	2016-12-14 10:15:23	2016-12-14 10:15:23	101	251522	10	160	10	\N	0	197168	91	0	0	10	0	10	1	136283	1	10	201610	2016-12-14 10:15:23	10800	66713075	28602880	32	197168	65444724	TAH_INV
68364343	1	TAHSILAT	2017-03-06 12:05:30	2017-03-06 12:05:30	101	251522	225	160	225	\N	0	197168	91	0	0	225	0	225	1	136283	1	225	201611	2017-03-06 12:05:30	10001	68364343	28946703	32	197168	66128022	TAH_INV
68894355	1	TAHSILAT	2017-03-29 08:55:18	2017-03-29 08:55:18	101	251522	466	160	466	\N	0	197168	91	0	0	466	0	466	1	136283	1	466	201702	2017-03-29 08:55:18	10800	68894355	29900002	32	197168	67993065	TAH_INV
71112314	1	TAHSILAT	2017-07-11 09:21:02	2017-07-11 09:21:02	101	251522	76	160	76	\N	0	197168	91	0	0	76	0	76	1	136283	1	76	201705	2017-07-11 09:21:02	10800	71112314	30933339	32	197168	69972395	TAH_INV
71891283	1	TAHSILAT	2017-08-14 17:21:15	2017-08-14 17:21:15	101	251522	19	160	19	\N	0	197168	91	0	0	19	0	19	1	136283	1	19	201707	2017-08-14 17:21:15	10800	71891283	31624925	32	197168	71283487	TAH_INV
71138208	1	TAHSILAT	2017-07-11 17:21:49	2017-07-11 17:21:49	101	251522	17	160	17	\N	0	197168	91	0	0	17	0	17	1	136283	1	17	201706	2017-07-11 17:21:49	10800	71138208	31282503	32	197168	70642390	TAH_INV
71891284	1	TAHSILAT	2017-08-14 17:21:16	2017-08-14 17:21:16	101	251522	10	160	10	\N	0	197168	91	0	0	10	0	10	1	136283	1	10	201708	2017-08-14 17:21:16	10001	71891284	31841790	32	197168	71728612	TAH_INV
72449843	1	TAHSILAT	2017-09-15 10:57:37	2017-09-15 10:57:37	101	251522	16	160	16	\N	0	197168	91	0	0	16	0	16	1	136283	1	16	201709	2017-09-15 10:57:37	11189	72449843	32150824	32	197168	72340926	TAH_INV
73010401	1	TAHSILAT	2017-10-09 13:18:10	2017-10-09 13:18:10	101	251522	12	160	12	\N	0	197168	91	0	0	12	0	12	1	136283	1	12	201710	2017-10-09 13:18:10	11189	73010401	32492231	32	197168	72982761	TAH_INV
74383321	1	TAHSILAT	2017-12-07 16:09:57	2017-12-07 16:09:57	101	251522	68	160	68	\N	0	197168	91	0	0	68	0	68	1	136283	1	68	201711	2017-12-07 16:09:57	11189	74383321	32842274	32	197168	73678924	TAH_INV
74914998	1	TAHSILAT	2018-01-02 09:08:13	2018-01-02 09:08:13	101	251522	321	160	321	\N	0	197168	91	0	0	321	0	321	1	136283	1	321	201712	2018-01-02 09:08:13	11189	74914998	33192648	32	197168	74376057	TAH_INV
76112940	1	TAHSILAT	2018-02-19 10:50:50	2018-02-19 10:50:50	101	251522	251	160	251	\N	0	197168	91	0	0	251	0	251	1	136283	1	251	201801	2018-02-19 10:50:50	11189	76112940	33549530	32	197168	75074556	TAH_INV
77174142	1	TAHSILAT	2018-04-09 16:49:28	2018-04-09 16:49:28	101	251522	324	160	324	\N	0	197168	91	0	0	324	0	324	1	136283	1	324	201803	2018-04-09 16:49:28	11189	77174142	34256108	32	197168	76442207	TAH_INV
76580552	1	TAHSILAT	2018-03-12 15:48:02	2018-03-12 15:48:02	101	251522	387	160	387	\N	0	197168	91	0	0	387	0	387	1	136283	1	387	201802	2018-03-12 15:48:02	11189	76580552	33903886	32	197168	75762577	TAH_INV
77846086	1	TAHSILAT	2018-05-09 11:21:36	2018-05-09 11:21:36	101	251522	300	160	300	\N	0	197168	91	0	0	300	0	300	1	136283	1	300	201804	2018-05-09 11:21:36	11189	77846086	34606842	32	197168	77128033	TAH_INV
86085879	1	TAHSILAT	2019-04-29 08:16:21	2019-04-29 08:16:21	101	251522	367	160	367	\N	0	197168	91	0	0	367	0	367	1	136283	1	367	201903	2019-04-29 08:16:21	10713	86085879	38832990	32	197168	85180210	TAH_INV
78572795	1	TAHSILAT	2018-06-08 19:36:17	2018-06-08 19:36:17	101	251522	62	160	62	\N	0	197168	91	0	0	62	0	62	1	136283	1	62	201805	2018-06-08 19:36:17	11189	78572795	34961443	32	197168	77819638	TAH_INV
89601577	1	TAHSILAT	2019-09-24 14:05:31	2019-09-24 14:05:31	101	251522	21	160	21	\N	0	197168	91	0	0	21	0	21	1	136283	1	21	201908	2019-09-24 14:05:31	11165	89601577	40724823	32	197168	88830962	TAH_INV
86962963	1	TAHSILAT	2019-06-10 10:49:13	2019-06-10 10:49:13	101	251522	339	160	339	\N	0	197168	91	0	0	339	0	339	1	136283	1	339	201904	2019-06-10 10:49:13	10713	86962963	39212501	32	197168	85903313	TAH_INV
79233418	1	TAHSILAT	2018-07-09 10:55:16	2018-07-09 10:55:16	101	251522	1	160	1	\N	0	197168	91	0	0	1	0	1	1	136283	1	1	201806	2018-07-09 10:55:16	11189	79233418	35333953	32	197168	78529430	TAH_INV
91123211	1	TAHSILAT	2019-11-29 17:05:25	2019-11-29 17:05:25	101	251522	23	160	23	\N	0	197168	91	0	0	23	0	23	1	136283	1	23	201910	2019-11-29 17:05:25	10713	91123211	41444506	32	197168	90222938	TAH_INV
90437696	1	TAHSILAT	2019-11-01 09:20:38	2019-11-01 09:20:38	101	251522	24	160	24	\N	0	197168	91	0	0	24	0	24	1	136283	1	24	201909	2019-11-01 09:20:38	10713	90437696	41098192	32	197168	89525789	TAH_INV
83706920	1	TAHSILAT	2019-01-21 09:11:42	2019-01-21 09:11:42	101	251522	19	160	19	\N	0	197168	91	0	0	19	0	19	1	136283	1	19	201810	2019-01-21 09:11:42	10713	83706920	36924659	32	197168	81573650	TAH_INV
79233634	1	TAHSILAT	2018-07-09 10:58:00	2018-07-09 10:58:00	101	251522	18	160	18	\N	0	197168	91	0	0	18	0	18	1	136283	1	18	201807	2018-07-09 10:58:00	11189	79233634	35689053	32	197168	79214745	TAH_INV
87729503	1	TAHSILAT	2019-07-08 12:14:58	2019-07-08 12:14:58	101	251522	94	160	94	\N	0	197168	91	0	0	94	0	94	1	136283	1	94	201905	2019-07-08 12:14:58	10713	87729503	39585099	32	197168	86634880	TAH_INV
91825037	1	TAHSILAT	2019-12-30 09:25:32	2019-12-30 09:25:32	101	251522	82	160	82	\N	0	197168	91	0	0	82	0	82	1	136283	1	82	201911	2019-12-30 09:25:32	10713	91825037	41801951	32	197168	90953225	TAH_INV
83222183	1	TAHSILAT	2018-12-31 16:10:16	2018-12-31 16:10:16	101	251522	267	160	267	\N	0	197168	91	0	0	267	0	267	1	136283	1	267	201811	2018-12-31 16:10:16	10713	83222183	37310759	32	197168	82302492	TAH_INV
80452127	1	TAHSILAT	2018-09-05 11:25:21	2018-09-05 11:25:21	101	251522	28	160	28	\N	0	197168	91	0	0	28	0	28	1	136283	1	28	201808	2018-09-05 11:25:21	10713	80452127	36197639	32	197168	80175949	TAH_INV
83916921	1	TAHSILAT	2019-01-29 09:35:24	2019-01-29 09:35:24	101	251522	444	160	444	\N	0	197168	91	0	0	444	0	444	1	136283	1	444	201812	2019-01-29 09:35:24	10713	83916921	37684273	32	197168	83011563	TAH_INV
88253765	1	TAHSILAT	2019-07-29 09:45:38	2019-07-29 09:45:38	101	251522	31	160	31	\N	0	197168	91	0	0	31	0	31	1	136283	1	31	201906	2019-07-29 09:45:38	10804	88253765	39976954	32	197168	87397614	TAH_INV
84668343	1	TAHSILAT	2019-03-01 10:25:40	2019-03-01 10:25:40	101	251522	637	160	637	\N	0	197168	91	0	0	637	0	637	1	136283	1	637	201901	2019-03-01 10:25:40	10713	84668343	38084923	32	197168	83734437	TAH_INV
81291564	1	TAHSILAT	2018-10-10 08:59:28	2018-10-10 08:59:28	101	251522	28	160	28	\N	0	197168	91	0	0	28	0	28	1	136283	1	28	201809	2018-10-10 08:59:28	10713	81291564	36544909	32	197168	80843586	TAH_INV
88944085	1	TAHSILAT	2019-08-29 14:30:50	2019-08-29 14:30:50	101	251522	15	160	15	\N	0	197168	91	0	0	15	0	15	1	136283	1	15	201907	2019-08-29 14:30:50	10713	88944085	40346650	32	197168	88100361	TAH_INV
85377132	1	TAHSILAT	2019-03-29 11:30:28	2019-03-29 11:30:28	101	251522	441	160	441	\N	0	197168	91	0	0	441	0	441	1	136283	1	441	201902	2019-03-29 11:30:28	10713	85377132	38461205	32	197168	84463715	TAH_INV
93988473	1	TAHSILAT	2020-03-30 08:40:34	2020-03-30 08:40:34	101	251522	1026	160	1026	\N	0	197168	91	0	0	1026	0	1026	1	136283	1	1026	202002	2020-03-30 08:40:34	10713	93988473	42884309	32	197168	93121943	TAH_INV
92558059	1	TAHSILAT	2020-01-29 10:30:31	2020-01-29 10:30:31	101	251522	480	160	480	\N	0	197168	91	0	0	480	0	480	1	136283	1	480	201912	2020-01-29 10:30:31	10713	92558059	42158856	32	197168	91679380	TAH_INV
94666949	1	TAHSILAT	2020-04-29 09:08:12	2020-04-29 09:08:12	101	251522	377	160	377	\N	0	197168	91	0	0	377	0	377	1	136283	1	377	202003	2020-04-29 09:08:12	10713	94666949	43251634	32	197168	93829391	TAH_INV
96870338	1	TAHSILAT	2020-07-29 09:08:14	2020-07-29 09:08:14	101	251522	67	160	67	\N	0	197168	91	0	0	67	0	67	1	136283	1	67	202006	2020-07-29 09:08:14	10713	96870338	44376331	32	197168	95934245	TAH_INV
98437197	1	TAHSILAT	2020-10-02 12:51:27	2020-10-02 12:51:27	101	251522	63	160	63	\N	0	197168	91	0	0	63	0	63	1	136283	1	63	202009	2020-10-02 12:51:27	10713	98437197	45547681	32	197168	98195550	TAH_INV
95317473	1	TAHSILAT	2020-05-29 07:04:18	2020-05-29 07:04:18	101	251522	598	160	598	\N	0	197168	91	0	0	598	0	598	1	136283	1	598	202004	2020-05-29 07:04:18	10713	95317473	43626208	32	197168	94545194	TAH_INV
97443029	1	TAHSILAT	2020-08-24 09:50:20	2020-08-24 09:50:20	101	251522	32	160	32	\N	0	197168	91	0	0	32	0	32	1	136283	1	32	202007	2020-08-24 09:50:20	10713	97443029	44786794	32	197168	96746116	TAH_INV
99256372	1	TAHSILAT	2020-11-05 15:08:58	2020-11-05 15:08:58	101	251522	29	160	29	\N	0	197168	91	0	0	29	0	29	1	136283	1	29	202010	2020-11-05 15:08:58	10713	99256372	45942159	32	197168	98931828	TAH_INV
96133337	1	TAHSILAT	2020-06-30 14:12:11	2020-06-30 14:12:11	101	251522	188	160	188	\N	0	197168	91	0	0	188	0	188	1	136283	1	188	202005	2020-06-30 14:12:11	10713	96133337	44003319	32	197168	95260750	TAH_INV
99926070	1	TAHSILAT	2020-12-02 09:16:05	2020-12-02 09:16:05	101	251522	236	160	236	\N	0	197168	91	0	0	236	0	236	1	136283	1	236	202011	2020-12-02 09:16:05	10713	99926070	46358370	32	197168	99705474	TAH_INV
101408825	1	TAHSILAT	2021-02-01 10:37:55	2021-02-01 10:37:55	101	251522	667	160	667	\N	0	197168	91	0	0	667	0	667	1	136283	1	667	202101	2021-02-01 10:37:55	10713	101408825	47151022	16	197168	101228947	TAH_INV
100656835	1	TAHSILAT	2020-12-31 10:32:40	2020-12-31 10:32:40	101	251522	426	160	426	\N	0	197168	91	0	0	426	0	426	1	136283	1	426	202012	2020-12-31 10:32:40	10713	100656835	46752028	16	197168	100459636	TAH_INV
102898695	1	TAHSILAT	2021-03-30 10:36:58	2021-03-30 10:36:58	101	251522	670	160	670	\N	0	197168	91	0	0	670	0	670	1	136283	1	670	202103	2021-03-30 10:36:58	10713	102898695	47945397	16	197168	102712189	TAH_INV
102179063	1	TAHSILAT	2021-03-02 10:37:41	2021-03-02 10:37:41	101	251522	644	160	644	\N	0	197168	91	0	0	644	0	644	1	136283	1	644	202102	2021-03-02 10:37:41	10713	102179063	47551404	16	197168	101965969	TAH_INV
123745233	1	TAHSILAT	2023-07-26 13:49:34	2023-07-26 13:49:34	101	251522	202.07	160	202.07	\N	0	197168	91	0	0	202.07	0	202.07	1	136283	1	202.07	202307	2023-07-26 13:49:34	17164	123745233	59106222	6	197168	123745231	TAH_INV
123745235	1	TAHSILAT	2023-07-26 13:49:34	2023-07-26 13:49:34	101	251522	0.1	160	0.1	\N	0	197168	91	0	0	0.1	0	0.1	1	136283	1	0.1	202307	2023-07-26 13:49:34	17164	123745235	59106222	6	197168	123745231	TAH_INV
124224614	1	TAHSILAT	2023-08-17 16:03:24	2023-08-17 16:03:24	101	251522	41.3	160	41.3	\N	0	197168	91	0	0	41.3	0	41.3	1	136283	1	41.3	202307	2023-08-17 16:03:24	17164	124224614	59106222	6	197168	123745231	TAH_INV
124225023	1	TAHSILAT	2023-08-17 16:23:32	2023-08-17 16:23:32	101	251522	60.7	160	60.7	\N	0	197168	91	0	0	60.7	0	60.7	1	136283	1	60.7	202307	2023-08-17 16:23:32	17164	124225023	59106222	32	197168	123745231	TAH_INV
103663287	1	TAHSILAT	2021-05-03 10:34:50	2021-05-03 10:34:50	101	251522	663	160	663	\N	0	197168	91	0	0	663	0	663	1	136283	1	663	202104	2021-05-03 10:34:50	10713	103663287	48339599	16	197168	103493529	TAH_INV
125127528	1	TAHSILAT	2023-10-06 14:21:57	2023-10-06 14:21:57	101	251522	110	160	110	\N	0	197168	91	0	0	110	0	110	1	136283	1	110	202309	2023-10-06 14:21:57	17164	125127528	60025691	32	197168	124936983	TAH_INV
126083447	1	TAHSILAT	2023-11-25 12:51:22	2023-11-25 12:51:22	101	251522	203	160	203	\N	0	197168	91	0	0	203	0	203	1	136283	1	203	202310	2023-11-25 12:51:22	17164	126083447	60443718	32	197168	125482642	TAH_INV
126179563	1	TAHSILAT	2023-11-30 10:08:22	2023-11-30 10:08:22	101	251522	552	160	552	\N	0	197168	91	0	0	552	0	552	1	136283	1	552	202311	2023-11-30 10:08:22	17164	126179563	123780944	32	197168	125993012	TAH_INV
104497823	1	TAHSILAT	2021-06-07 10:37:25	2021-06-07 10:37:25	101	251522	231	160	231	\N	0	197168	91	0	0	231	0	231	1	136283	1	231	202105	2021-06-07 10:37:25	10713	104497823	48711348	16	197168	104226580	TAH_INV
126997332	1	TAHSILAT	2023-12-31 09:20:49	2023-12-31 09:20:49	101	251522	1623	160	1623	\N	0	197168	91	0	0	1623	0	1623	1	136283	1	1623	202312	2023-12-31 09:20:49	17164	126997332	124228262	32	197168	126748999	TAH_INV
105112234	1	TAHSILAT	2021-07-01 10:32:19	2021-07-01 10:32:19	101	251522	112	160	112	\N	0	197168	91	0	0	112	0	112	1	136283	1	112	202106	2021-07-01 10:32:19	10713	105112234	49080742	16	197168	104912440	TAH_INV
128645885	1	TAHSILAT	2024-03-01 09:59:40	2024-03-01 09:59:40	101	251522	4198	160	4198	\N	0	197168	91	0	0	4198	0	4198	1	136283	1	4198	202402	2024-03-01 09:59:40	17164	128645885	125088194	32	197168	128352010	TAH_INV
129444003	1	TAHSILAT	2024-03-31 07:30:01	2024-03-31 07:30:01	101	251522	1895	160	1895	\N	0	197168	91	0	0	1895	0	1895	1	136283	1	1895	202403	2024-03-31 07:30:01	17164	129444003	125536966	32	197168	129190688	TAH_INV
105919064	1	TAHSILAT	2021-08-06 10:36:16	2021-08-06 10:36:16	101	251522	98	160	98	\N	0	197168	91	0	0	98	0	98	1	136283	1	98	202107	2021-08-06 10:36:16	10713	105919064	49466946	16	197168	105695440	TAH_INV
130209289	1	TAHSILAT	2024-04-30 09:07:42	2024-04-30 09:07:42	101	251522	1051	160	1051	\N	0	197168	91	0	0	1051	0	1051	1	136283	1	1051	202404	2024-04-30 09:07:42	17164	130209289	125972701	32	197168	129986461	TAH_INV
131005633	1	TAHSILAT	2024-05-30 09:46:43	2024-05-30 09:46:43	101	251522	942	160	942	\N	0	197168	91	0	0	942	0	942	1	136283	1	942	202405	2024-05-30 09:46:43	17164	131005633	126397260	32	197168	130798337	TAH_INV
131802132	1	TAHSILAT	2024-06-30 21:13:20	2024-06-30 21:13:20	101	251522	317	160	317	\N	0	197168	91	0	0	317	0	317	1	136283	1	317	202406	2024-06-30 21:13:20	17101	131802132	126814146	32	197168	131588285	TAH_INV
106481056	1	TAHSILAT	2021-08-31 10:41:48	2021-08-31 10:41:48	101	251522	53	160	53	\N	0	197168	91	0	0	53	0	53	1	136283	1	53	202108	2021-08-31 10:41:48	17076	106481056	49803656	16	197168	106310273	TAH_INV
132533391	1	TAHSILAT	2024-07-30 09:43:50	2024-07-30 09:43:50	101	251522	187	160	187	\N	0	197168	91	0	0	187	0	187	1	136283	1	187	202407	2024-07-30 09:43:50	17164	132533391	127213529	32	197168	132367385	TAH_INV
133333306	1	TAHSILAT	2024-08-30 07:59:39	2024-08-30 07:59:39	101	251522	191	160	191	\N	0	197168	91	0	0	191	0	191	1	136283	1	191	202408	2024-08-30 07:59:39	17164	133333306	127622557	32	197168	133123516	TAH_INV
134142489	1	TAHSILAT	2024-09-30 11:21:03	2024-09-30 11:21:03	101	251522	179	160	179	\N	0	197168	91	0	0	179	0	179	1	136283	1	179	202409	2024-09-30 11:21:03	17164	134142489	128027362	32	197168	133886188	TAH_INV
134966727	1	TAHSILAT	2024-10-30 09:51:57	2024-10-30 09:51:57	101	251522	323	160	323	\N	0	197168	91	0	0	323	0	323	1	136283	1	323	202410	2024-10-30 09:51:57	17164	134966727	128438323	32	197168	134685399	TAH_INV
108027771	1	TAHSILAT	2021-11-02 10:31:39	2021-11-02 10:31:39	101	251522	343	160	343	\N	0	197168	91	0	0	343	0	343	1	136283	1	343	202110	2021-11-02 10:31:39	11187	108027771	50607386	16	197168	107841891	TAH_INV
136698757	1	TAHSILAT	2024-12-30 12:18:00	2024-12-30 12:18:00	101	251522	5227	160	5227	\N	0	197168	91	0	0	5227	0	5227	1	136283	1	5227	202412	2024-12-30 12:18:00	17164	136698757	129320115	32	197168	136420759	TAH_INV
108833509	1	TAHSILAT	2021-12-03 10:35:21	2021-12-03 10:35:21	101	251522	511	160	511	\N	0	197168	91	0	0	511	0	511	1	136283	1	511	202111	2021-12-03 10:35:21	11187	108833509	51008694	16	197168	108633830	TAH_INV
137520574	1	TAHSILAT	2025-01-30 06:31:49	2025-01-30 06:31:49	101	251522	3772	160	3772	\N	0	197168	91	0	0	3772	0	3772	1	136283	1	3772	202501	2025-01-30 06:31:49	17164	137520574	129798022	32	197168	137368170	TAH_INV
139257550	1	TAHSILAT	2025-03-30 14:24:05	2025-03-30 14:24:05	101	251522	6539	160	6539	\N	0	197168	91	0	0	6539	0	6539	1	136283	1	6539	202503	2025-03-30 14:24:05	17164	139257550	130659091	32	197168	139027518	TAH_INV
109577625	1	TAHSILAT	2022-01-03 10:31:55	2022-01-03 10:31:55	101	251522	662	160	662	\N	0	197168	91	0	0	662	0	662	1	136283	1	662	202112	2022-01-03 10:31:55	11187	109577625	51407277	16	197168	109425605	TAH_INV
140028435	1	TAHSILAT	2025-04-28 07:14:40	2025-04-28 07:14:40	101	251522	2582	160	2582	\N	0	197168	91	0	0	2582	0	2582	1	136283	1	2582	202504	2025-04-28 07:14:40	17164	140028435	131108755	32	197168	139890369	TAH_INV
140887046	1	TAHSILAT	2025-05-28 12:29:25	2025-05-28 12:29:25	101	251522	1581	160	1581	\N	0	197168	91	0	0	1581	0	1581	1	136283	1	1581	202505	2025-05-28 12:29:25	17164	140887046	131546664	32	197168	140727243	TAH_INV
141724764	1	TAHSILAT	2025-06-29 16:54:30	2025-06-29 16:54:30	101	251522	316	160	316	\N	0	197168	91	0	0	316	0	316	1	136283	1	316	202506	2025-06-29 16:54:30	17164	141724764	131973128	32	197168	141543556	TAH_INV
110500492	1	TAHSILAT	2022-02-07 12:19:35	2022-02-07 12:19:35	101	251522	1135	160	1135	\N	0	197168	91	0	0	1135	0	1135	1	136283	1	1135	202201	2022-02-07 12:19:35	11187	110500492	51825140	16	197168	110275254	TAH_INV
142386130	1	TAHSILAT	2025-07-23 10:44:31	2025-07-23 10:44:31	101	251522	248	160	248	\N	0	197168	91	0	0	248	0	248	1	136283	1	248	202507	2025-07-23 10:44:31	17164	142386130	132382481	32	197168	142382641	TAH_INV
143383371	1	TAHSILAT	2025-08-29 09:51:33	2025-08-29 09:51:33	101	251522	267	160	267	\N	0	197168	91	0	0	267	0	267	1	136283	1	267	202508	2025-08-29 09:51:33	17164	143383371	132829119	32	197168	143222716	TAH_INV
111260965	1	TAHSILAT	2022-03-07 10:55:09	2022-03-07 10:55:09	101	251522	966	160	966	\N	0	197168	91	0	0	966	0	966	1	136283	1	966	202202	2022-03-07 10:55:09	11187	111260965	52209714	16	197168	111016285	TAH_INV
144257307	1	TAHSILAT	2025-09-28 19:55:25	2025-09-28 19:55:25	101	251522	244	160	244	\N	0	197168	91	0	0	244	0	244	1	136283	1	244	202509	2025-09-28 19:55:25	10742	144257307	133249068	32	197168	144022195	TAH_INV
145117378	1	TAHSILAT	2025-10-28 22:09:58	2025-10-28 22:09:58	101	251522	1231	160	1231	\N	0	197168	91	0	0	1231	0	1231	1	136283	1	1231	202510	2025-10-28 22:09:58	17164	145117378	133709797	32	197168	144923960	TAH_INV
111955638	1	TAHSILAT	2022-04-04 10:34:53	2022-04-04 10:34:53	101	251522	1089	160	1089	\N	0	197168	91	0	0	1089	0	1089	1	136283	1	1089	202203	2022-04-04 10:34:53	11187	111955638	52603727	16	197168	111782800	TAH_INV
146013509	1	TAHSILAT	2025-11-28 20:21:34	2025-11-28 20:21:34	101	251522	2251	160	2251	\N	0	197168	91	0	0	2251	0	2251	1	136283	1	2251	202511	2025-11-28 20:21:34	17164	146013509	134179698	32	197168	145833573	TAH_INV
146913732	1	TAHSILAT	2025-12-29 10:52:48	2025-12-29 10:52:48	101	251522	3571	160	3571	\N	0	197168	91	0	0	3571	0	3571	1	136283	1	3571	202512	2025-12-29 10:52:48	17164	146913732	134615775	32	197168	146685704	TAH_INV
112676562	1	TAHSILAT	2022-05-05 10:37:18	2022-05-05 10:37:18	101	251522	747	160	747	\N	0	197168	91	0	0	747	0	747	1	136283	1	747	202204	2022-05-05 10:37:18	11187	112676562	53001920	16	197168	112538887	TAH_INV
147781422	1	TAHSILAT	2026-01-28 12:29:52	2026-01-28 12:29:52	101	251522	5762	160	5762	\N	0	197168	91	0	0	5762	0	5762	1	136283	1	5762	202601	2026-01-28 12:29:52	17387	147781422	135070146	32	197168	147588523	TAH_INV
148702200	1	TAHSILAT	2026-02-28 12:44:58	2026-02-28 12:44:58	101	251522	4826	160	4826	\N	0	197168	91	0	0	4826	0	4826	1	136283	1	4826	202602	2026-02-28 12:44:58	17164	148702200	135542191	32	197168	148499515	TAH_INV
149424352	1	TAHSILAT	2026-03-23 17:40:06	2026-03-23 17:40:06	101	251522	4422	160	4422	\N	0	197168	91	0	0	4422	0	4422	1	136283	1	4422	202603	2026-03-23 17:40:06	17164	149424352	135986508	32	197168	149349692	TAH_INV
114266767	1	TAHSILAT	2022-07-04 09:51:12	2022-07-04 09:51:12	101	251522	138	160	138	\N	0	197168	91	0	0	138	0	138	1	136283	1	138	202206	2022-07-04 09:51:12	11187	114266767	53785786	16	197168	114044960	TAH_INV
113569997	1	TAHSILAT	2022-06-07 09:48:46	2022-06-07 09:48:46	101	251522	432	160	432	\N	0	197168	91	0	0	432	0	432	1	136283	1	432	202205	2022-06-07 09:48:46	11187	113569997	53412028	16	197168	113322123	TAH_INV
150359999	1	TAHSILAT	2026-04-24 11:41:00	2026-04-24 11:41:00	101	251522	5113	160	5113	\N	0	197168	91	0	0	5113	0	5113	1	136283	1	5113	202604	2026-04-24 11:41:00	17164	150359999	136479988	32	197168	150323602	TAH_INV
115139352	1	TAHSILAT	2022-08-08 09:56:18	2022-08-08 09:56:18	101	251522	177	160	177	\N	0	197168	91	0	0	177	0	177	1	136283	1	177	202207	2022-08-08 09:56:18	11187	115139352	54200610	16	197168	114850744	TAH_INV
151426483	1	TAHSILAT	2026-06-01 11:11:17	2026-06-01 11:11:17	101	251522	3964	160	3964	\N	0	197168	91	0	0	3964	0	3964	1	136283	1	3964	202605	2026-06-01 11:11:17	17164	151426483	136954249	16	197168	151205685	TAH_INV
152358356	1	TAHSILAT	2026-07-02 08:12:44	2026-07-02 08:12:44	101	251522	731	160	731	\N	0	197168	91	0	0	731	0	731	1	136283	1	731	202606	2026-07-02 08:12:44	17308	152358356	137397123	16	197168	152086341	TAH_INV
115783563	1	TAHSILAT	2022-09-02 09:47:28	2022-09-02 09:47:28	101	251522	128	160	128	\N	0	197168	91	0	0	128	0	128	1	136283	1	128	202208	2022-09-02 09:47:28	17119	115783563	54572476	16	197168	115573544	TAH_INV
116577313	1	TAHSILAT	2022-10-03 09:48:26	2022-10-03 09:48:26	101	251522	149	160	149	\N	0	197168	91	0	0	149	0	149	1	136283	1	149	202209	2022-10-03 09:48:26	17119	116577313	54975698	16	197168	116352161	TAH_INV
117483536	1	TAHSILAT	2022-11-05 07:05:04	2022-11-05 07:05:04	101	251522	627	160	627	\N	0	197168	91	0	0	627	0	627	1	136283	1	627	202210	2022-11-05 07:05:04	10800	117483536	55453829	32	197168	117280400	TAH_INV
118078284	1	TAHSILAT	2022-11-25 18:12:13	2022-11-25 18:12:13	101	251522	908	160	908	\N	0	197168	91	0	0	908	0	908	1	136283	1	908	202211	2022-11-25 18:12:13	17155	118078284	55849515	32	197168	118040451	TAH_INV
118821146	1	TAHSILAT	2022-12-23 10:23:29	2022-12-23 10:23:29	101	251522	1436	160	1436	\N	0	197168	91	0	0	1436	0	1436	1	136283	1	1436	202212	2022-12-23 10:23:29	17164	118821146	56239858	32	197168	118804401	TAH_INV
119724324	1	TAHSILAT	2023-01-26 14:39:49	2023-01-26 14:39:49	101	251522	1804	160	1804	\N	0	197168	91	0	0	1804	0	1804	1	136283	1	1804	202301	2023-01-26 14:39:49	17164	119724324	56675008	32	197168	119640357	TAH_INV
120478556	1	TAHSILAT	2023-02-23 09:52:09	2023-02-23 09:52:09	101	251522	2183	160	2183	\N	0	197168	91	0	0	2183	0	2183	1	136283	1	2183	202302	2023-02-23 09:52:09	17164	120478556	57096677	32	197168	120468886	TAH_INV
121404089	1	TAHSILAT	2023-03-30 10:09:11	2023-03-30 10:09:11	101	251522	1626	160	1626	\N	0	197168	91	0	0	1626	0	1626	1	136283	1	1626	202303	2023-03-30 10:09:11	17164	121404089	57532168	32	197168	121335613	TAH_INV
54474468	1	TAHSILAT	2010-06-21 00:00:00	2010-06-21 00:00:00	101	251522	25	160	25	\N	0	197168	91	0	0	25	0	25	1	136283	1	25	201006	2010-06-21 00:00:00	10001	54474468	9391529	4	197168	16354161	TAH_INV
49670530	1	TAHSILAT	2010-08-25 00:00:00	2010-08-25 00:00:00	101	251522	55	160	55	\N	0	197168	91	0	0	55	0	55	1	136283	1	55	201008	2010-08-25 00:00:00	10001	49670530	9566850	33	197168	16531261	TAH_INV
48165458	1	TAHSILAT	2009-10-02 00:00:00	2009-10-02 00:00:00	101	251522	25	160	25	\N	0	197168	91	0	0	25	0	25	1	136283	1	25	200909	2009-10-02 00:00:00	10001	48165458	7898599	7	197168	14852598	TAH_INV
39125301	1	TAHSILAT	2009-10-27 00:00:00	2009-10-27 00:00:00	101	251522	25	160	25	\N	0	197168	91	0	0	25	0	25	1	136283	1	25	200910	2009-10-27 00:00:00	10001	39125301	8074318	7	197168	15030009	TAH_INV
58521041	1	TAHSILAT	2009-12-07 00:00:00	2009-12-07 00:00:00	101	251522	110	160	110	\N	0	197168	91	0	0	110	0	110	1	136283	1	110	200911	2009-12-07 00:00:00	10001	58521041	8236673	7	197168	15193520	TAH_INV
54083000	1	TAHSILAT	2009-08-14 00:00:00	2009-08-14 00:00:00	101	251522	30	160	30	\N	0	197168	91	0	0	30	0	30	1	136283	1	30	200907	2009-08-14 00:00:00	10001	54083000	7745970	7	197168	14698308	TAH_INV
48179931	1	TAHSILAT	2010-03-24 00:00:00	2010-03-24 00:00:00	101	251522	395	160	395	\N	0	197168	91	0	0	395	0	395	1	136283	1	395	201002	2010-03-24 00:00:00	10001	48179931	8724588	4	197168	15683689	TAH_INV
49285824	1	TAHSILAT	2010-01-18 00:00:00	2010-01-18 00:00:00	101	251522	235	160	235	\N	0	197168	91	0	0	235	0	235	1	136283	1	235	200912	2010-01-18 00:00:00	10001	49285824	8375884	7	197168	15333439	TAH_INV
39359980	1	TAHSILAT	2010-01-28 00:00:00	2010-01-28 00:00:00	101	251522	250	160	250	\N	0	197168	91	0	0	250	0	250	1	136283	1	250	201001	2010-01-28 00:00:00	10001	39359980	8574356	7	197168	15532829	TAH_INV
50400423	1	TAHSILAT	2010-04-16 00:00:00	2010-04-16 00:00:00	101	251522	280	160	280	\N	0	197168	91	0	0	280	0	280	1	136283	1	280	201003	2010-04-16 00:00:00	10001	50400423	8916518	5	197168	15876450	TAH_INV
51141327	1	TAHSILAT	2010-04-28 00:00:00	2010-04-28 00:00:00	101	251522	225	160	225	\N	0	197168	91	0	0	225	0	225	1	136283	1	225	201004	2010-04-28 00:00:00	10001	51141327	9066923	7	197168	16027508	TAH_INV
51886029	1	TAHSILAT	2010-06-21 00:00:00	2010-06-21 00:00:00	101	251522	85	160	85	\N	0	197168	91	0	0	85	0	85	1	136283	1	85	201005	2010-06-21 00:00:00	10001	51886029	9232876	4	197168	16194265	TAH_INV
92889228	1	TAHSILAT	2020-02-13 13:20:30	2020-02-13 13:20:30	101	251522	1.77	160	1.77	\N	0	197168	91	0	0	1.77	0	1.77	1	136283	1	1.77	202001	2020-02-13 13:20:30	11096	92889228	42478484	32	197168	92309497	TAH_INV
92889229	1	TAHSILAT	2020-02-13 13:20:31	2020-02-13 13:20:31	101	251522	1.77	160	1.77	\N	0	197168	91	0	0	1.77	0	1.77	1	136283	1	1.77	202001	2020-02-13 13:20:31	11096	92889229	42478485	32	197168	92309498	TAH_INV
92889230	1	TAHSILAT	2020-02-13 13:20:31	2020-02-13 13:20:31	101	251522	1.77	160	1.77	\N	0	197168	91	0	0	1.77	0	1.77	1	136283	1	1.77	202001	2020-02-13 13:20:31	11096	92889230	42478486	32	197168	92309500	TAH_INV
92890510	1	TAHSILAT	2020-02-13 13:52:15	2020-02-13 13:52:15	101	251522	1.77	160	1.77	\N	0	197168	91	0	0	1.77	0	1.77	1	136283	1	1.77	202001	2020-02-13 13:52:15	11096	92890510	42478493	32	197168	92309509	TAH_INV
92890784	1	TAHSILAT	2020-02-13 13:56:16	2020-02-13 13:56:16	101	251522	1.77	160	1.77	\N	0	197168	91	0	0	1.77	0	1.77	1	136283	1	1.77	202001	2020-02-13 13:56:16	11096	92890784	42478494	32	197168	92309510	TAH_INV
92890785	1	TAHSILAT	2020-02-13 13:56:17	2020-02-13 13:56:17	101	251522	1.77	160	1.77	\N	0	197168	91	0	0	1.77	0	1.77	1	136283	1	1.77	202001	2020-02-13 13:56:17	11096	92890785	42478495	32	197168	92309514	TAH_INV
92890870	1	TAHSILAT	2020-02-13 13:56:17	2020-02-13 13:56:17	101	251522	1.77	160	1.77	\N	0	197168	91	0	0	1.77	0	1.77	1	136283	1	1.77	202001	2020-02-13 13:56:17	11096	92890870	42478496	32	197168	92309516	TAH_INV
92890788	1	TAHSILAT	2020-02-13 13:56:18	2020-02-13 13:56:18	101	251522	1.77	160	1.77	\N	0	197168	91	0	0	1.77	0	1.77	1	136283	1	1.77	202001	2020-02-13 13:56:18	11096	92890788	42478497	32	197168	92309517	TAH_INV
92890985	1	TAHSILAT	2020-02-13 14:00:24	2020-02-13 14:00:24	101	251522	1.77	160	1.77	\N	0	197168	91	0	0	1.77	0	1.77	1	136283	1	1.77	202001	2020-02-13 14:00:24	11096	92890985	42478498	32	197168	92309521	TAH_INV
92890790	1	TAHSILAT	2020-02-13 13:56:19	2020-02-13 13:56:19	101	251522	1.77	160	1.77	\N	0	197168	91	0	0	1.77	0	1.77	1	136283	1	1.77	202001	2020-02-13 13:56:19	11096	92890790	42478499	32	197168	92309523	TAH_INV
92891063	1	TAHSILAT	2020-02-13 14:00:25	2020-02-13 14:00:25	101	251522	1.77	160	1.77	\N	0	197168	91	0	0	1.77	0	1.77	1	136283	1	1.77	202001	2020-02-13 14:00:25	11096	92891063	42478500	32	197168	92309524	TAH_INV
92891064	1	TAHSILAT	2020-02-13 14:00:26	2020-02-13 14:00:26	101	251522	1.77	160	1.77	\N	0	197168	91	0	0	1.77	0	1.77	1	136283	1	1.77	202001	2020-02-13 14:00:26	11096	92891064	42478501	32	197168	92309525	TAH_INV
92891065	1	TAHSILAT	2020-02-13 14:00:27	2020-02-13 14:00:27	101	251522	1.77	160	1.77	\N	0	197168	91	0	0	1.77	0	1.77	1	136283	1	1.77	202001	2020-02-13 14:00:27	11096	92891065	42478502	32	197168	92309526	TAH_INV
92857035	1	TAHSILAT	2020-02-12 11:16:23	2020-02-12 11:16:23	101	251522	3.78	160	3.78	\N	0	197168	91	0	0	3.78	0	3.78	1	136283	1	3.78	202001	2020-02-12 11:16:23	11096	92857035	42478467	32	197168	92309468	TAH_INV
92857311	1	TAHSILAT	2020-02-12 11:19:01	2020-02-12 11:19:01	101	251522	1.77	160	1.77	\N	0	197168	91	0	0	1.77	0	1.77	1	136283	1	1.77	202001	2020-02-12 11:19:01	11096	92857311	42478468	32	197168	92309473	TAH_INV
92857310	1	TAHSILAT	2020-02-12 11:19:00	2020-02-12 11:19:00	101	251522	1.77	160	1.77	\N	0	197168	91	0	0	1.77	0	1.77	1	136283	1	1.77	202001	2020-02-12 11:19:00	11096	92857310	42478469	32	197168	92309476	TAH_INV
92857317	1	TAHSILAT	2020-02-12 11:19:06	2020-02-12 11:19:06	101	251522	1.77	160	1.77	\N	0	197168	91	0	0	1.77	0	1.77	1	136283	1	1.77	202001	2020-02-12 11:19:06	11096	92857317	42478470	32	197168	92309477	TAH_INV
92857213	1	TAHSILAT	2020-02-12 11:19:02	2020-02-12 11:19:02	101	251522	1.77	160	1.77	\N	0	197168	91	0	0	1.77	0	1.77	1	136283	1	1.77	202001	2020-02-12 11:19:02	11096	92857213	42478471	32	197168	92309479	TAH_INV
92857215	1	TAHSILAT	2020-02-12 11:19:27	2020-02-12 11:19:27	101	251522	1.77	160	1.77	\N	0	197168	91	0	0	1.77	0	1.77	1	136283	1	1.77	202001	2020-02-12 11:19:27	11096	92857215	42478472	32	197168	92309481	TAH_INV
92857337	1	TAHSILAT	2020-02-12 11:19:39	2020-02-12 11:19:39	101	251522	1.77	160	1.77	\N	0	197168	91	0	0	1.77	0	1.77	1	136283	1	1.77	202001	2020-02-12 11:19:39	11096	92857337	42478473	32	197168	92309482	TAH_INV
92857348	1	TAHSILAT	2020-02-12 11:20:03	2020-02-12 11:20:03	101	251522	1.77	160	1.77	\N	0	197168	91	0	0	1.77	0	1.77	1	136283	1	1.77	202001	2020-02-12 11:20:03	11096	92857348	42478474	32	197168	92309483	TAH_INV
92857258	1	TAHSILAT	2020-02-12 11:22:47	2020-02-12 11:22:47	101	251522	1.77	160	1.77	\N	0	197168	91	0	0	1.77	0	1.77	1	136283	1	1.77	202001	2020-02-12 11:22:47	11096	92857258	42478475	32	197168	92309485	TAH_INV
92857441	1	TAHSILAT	2020-02-12 11:23:17	2020-02-12 11:23:17	101	251522	1.77	160	1.77	\N	0	197168	91	0	0	1.77	0	1.77	1	136283	1	1.77	202001	2020-02-12 11:23:17	11096	92857441	42478476	32	197168	92309486	TAH_INV
92857476	1	TAHSILAT	2020-02-12 11:23:35	2020-02-12 11:23:35	101	251522	1.77	160	1.77	\N	0	197168	91	0	0	1.77	0	1.77	1	136283	1	1.77	202001	2020-02-12 11:23:35	11096	92857476	42478477	32	197168	92309487	TAH_INV
92857485	1	TAHSILAT	2020-02-12 11:24:02	2020-02-12 11:24:02	101	251522	1.77	160	1.77	\N	0	197168	91	0	0	1.77	0	1.77	1	136283	1	1.77	202001	2020-02-12 11:24:02	11096	92857485	42478478	32	197168	92309488	TAH_INV
92857563	1	TAHSILAT	2020-02-12 11:24:11	2020-02-12 11:24:11	101	251522	1.77	160	1.77	\N	0	197168	91	0	0	1.77	0	1.77	1	136283	1	1.77	202001	2020-02-12 11:24:11	11096	92857563	42478479	32	197168	92309490	TAH_INV
92889148	1	TAHSILAT	2020-02-13 13:20:28	2020-02-13 13:20:28	101	251522	1.77	160	1.77	\N	0	197168	91	0	0	1.77	0	1.77	1	136283	1	1.77	202001	2020-02-13 13:20:28	11096	92889148	42478480	32	197168	92309492	TAH_INV
92889149	1	TAHSILAT	2020-02-13 13:20:28	2020-02-13 13:20:28	101	251522	1.77	160	1.77	\N	0	197168	91	0	0	1.77	0	1.77	1	136283	1	1.77	202001	2020-02-13 13:20:28	11096	92889149	42478481	32	197168	92309493	TAH_INV
92889150	1	TAHSILAT	2020-02-13 13:20:29	2020-02-13 13:20:29	101	251522	1.77	160	1.77	\N	0	197168	91	0	0	1.77	0	1.77	1	136283	1	1.77	202001	2020-02-13 13:20:29	11096	92889150	42478482	32	197168	92309494	TAH_INV
92889151	1	TAHSILAT	2020-02-13 13:20:30	2020-02-13 13:20:30	101	251522	1.77	160	1.77	\N	0	197168	91	0	0	1.77	0	1.77	1	136283	1	1.77	202001	2020-02-13 13:20:30	11096	92889151	42478483	32	197168	92309496	TAH_INV
92889154	1	TAHSILAT	2020-02-13 13:20:31	2020-02-13 13:20:31	101	251522	1.77	160	1.77	\N	0	197168	91	0	0	1.77	0	1.77	1	136283	1	1.77	202001	2020-02-13 13:20:31	11096	92889154	42478487	32	197168	92309501	TAH_INV
92890185	1	TAHSILAT	2020-02-13 13:44:15	2020-02-13 13:44:15	101	251522	1.77	160	1.77	\N	0	197168	91	0	0	1.77	0	1.77	1	136283	1	1.77	202001	2020-02-13 13:44:15	11096	92890185	42478488	32	197168	92309503	TAH_INV
92889331	1	TAHSILAT	2020-02-13 13:24:15	2020-02-13 13:24:15	101	251522	1.77	160	1.77	\N	0	197168	91	0	0	1.77	0	1.77	1	136283	1	1.77	202001	2020-02-13 13:24:15	11096	92889331	42478489	32	197168	92309504	TAH_INV
92890186	1	TAHSILAT	2020-02-13 13:44:16	2020-02-13 13:44:16	101	251522	1.77	160	1.77	\N	0	197168	91	0	0	1.77	0	1.77	1	136283	1	1.77	202001	2020-02-13 13:44:16	11096	92890186	42478490	32	197168	92309505	TAH_INV
92890187	1	TAHSILAT	2020-02-13 13:44:16	2020-02-13 13:44:16	101	251522	1.77	160	1.77	\N	0	197168	91	0	0	1.77	0	1.77	1	136283	1	1.77	202001	2020-02-13 13:44:16	11096	92890187	42478491	32	197168	92309506	TAH_INV
92890074	1	TAHSILAT	2020-02-13 13:44:16	2020-02-13 13:44:16	101	251522	1.77	160	1.77	\N	0	197168	91	0	0	1.77	0	1.77	1	136283	1	1.77	202001	2020-02-13 13:44:16	11096	92890074	42478492	32	197168	92309507	TAH_INV
92890986	1	TAHSILAT	2020-02-13 14:00:27	2020-02-13 14:00:27	101	251522	1.77	160	1.77	\N	0	197168	91	0	0	1.77	0	1.77	1	136283	1	1.77	202001	2020-02-13 14:00:27	11096	92890986	42478503	32	197168	92309527	TAH_INV
92890873	1	TAHSILAT	2020-02-13 13:56:19	2020-02-13 13:56:19	101	251522	1.77	160	1.77	\N	0	197168	91	0	0	1.77	0	1.77	1	136283	1	1.77	202001	2020-02-13 13:56:19	11096	92890873	42478504	32	197168	92309528	TAH_INV
92890874	1	TAHSILAT	2020-02-13 13:56:20	2020-02-13 13:56:20	101	251522	1.77	160	1.77	\N	0	197168	91	0	0	1.77	0	1.77	1	136283	1	1.77	202001	2020-02-13 13:56:20	11096	92890874	42478505	32	197168	92309529	TAH_INV
92890876	1	TAHSILAT	2020-02-13 13:56:20	2020-02-13 13:56:20	101	251522	1.77	160	1.77	\N	0	197168	91	0	0	1.77	0	1.77	1	136283	1	1.77	202001	2020-02-13 13:56:20	11096	92890876	42478506	32	197168	92309530	TAH_INV
92890511	1	TAHSILAT	2020-02-13 13:52:15	2020-02-13 13:52:15	101	251522	1.77	160	1.77	\N	0	197168	91	0	0	1.77	0	1.77	1	136283	1	1.77	202001	2020-02-13 13:52:15	11096	92890511	42478507	32	197168	92309531	TAH_INV
92890075	1	TAHSILAT	2020-02-13 13:44:17	2020-02-13 13:44:17	101	251522	1.77	160	1.77	\N	0	197168	91	0	0	1.77	0	1.77	1	136283	1	1.77	202001	2020-02-13 13:44:17	11096	92890075	42478508	32	197168	92309535	TAH_INV
92889332	1	TAHSILAT	2020-02-13 13:24:16	2020-02-13 13:24:16	101	251522	1.77	160	1.77	\N	0	197168	91	0	0	1.77	0	1.77	1	136283	1	1.77	202001	2020-02-13 13:24:16	11096	92889332	42478509	32	197168	92309538	TAH_INV
92857448	1	TAHSILAT	2020-02-12 11:23:49	2020-02-12 11:23:49	101	251522	1.77	160	1.77	\N	0	197168	91	0	0	1.77	0	1.77	1	136283	1	1.77	202001	2020-02-12 11:23:49	11096	92857448	42478510	32	197168	92309539	TAH_INV
92857468	1	TAHSILAT	2020-02-12 11:23:07	2020-02-12 11:23:07	101	251522	1.77	160	1.77	\N	0	197168	91	0	0	1.77	0	1.77	1	136283	1	1.77	202001	2020-02-12 11:23:07	11096	92857468	42478511	32	197168	92309547	TAH_INV
124373552	1	TAHSILAT	2023-08-25 15:11:26	2023-08-25 15:11:26	101	251522	14.64	160	14.64	\N	0	197168	91	0	0	14.64	0	14.64	1	136283	1	14.64	202308	2023-08-25 15:11:26	10211	124373552	59575549	4	197168	124373195	TAH_INV
123065489	1	TAHSILAT	2023-06-20 09:16:41	2023-06-20 09:16:41	101	251522	243.47	160	243.47	\N	0	197168	91	0	0	243.47	0	243.47	1	136283	1	243.47	202306	2023-06-20 09:16:41	10211	123065489	58522082	32	197168	122868581	TAH_INV
34731473	1	TAHSILAT	2009-03-10 00:00:00	2009-03-10 00:00:00	101	251522	246	160	246	\N	0	197168	91	0	0	246	0	246	1	136283	1	246	200903	2009-03-10 00:00:00	10195	34731473	570480	4	197168	468800	TAH_INV
75347134	1	TAHSILAT	2018-01-16 17:37:35	2018-01-16 17:37:35	101	251522	140	160	140	\N	0	197168	91	0	0	140	0	140	1	136283	1	140	201712	2018-01-16 17:37:35	11221	75347134	33410853	32	197168	74759654	TAH_INV
76580003	1	TAHSILAT	2018-03-12 15:41:01	2018-03-12 15:41:01	101	251522	42	160	42	\N	0	197168	91	0	0	42	0	42	1	136283	1	42	201803	2018-03-12 15:41:01	10695	76580003	34202557	32	197168	76362153	TAH_INV
79233327	1	TAHSILAT	2018-07-09 10:54:09	2018-07-09 10:54:09	101	251522	45	160	45	\N	0	197168	91	0	0	45	0	45	1	136283	1	45	201805	2018-07-09 10:54:09	10695	79233327	35195505	32	197168	78295649	TAH_INV
55249643	1	TAHSILAT	2011-09-23 00:00:00	2011-09-23 00:00:00	101	251522	290	160	290	\N	0	197168	91	0	0	290	0	290	1	136283	1	290	201105	2011-09-23 00:00:00	10001	55249643	11213460	5	197168	18180954	TAH_INV
49023919	1	TAHSILAT	2013-01-15 00:00:00	2013-01-15 00:00:00	101	251522	150	160	150	\N	0	197168	91	0	0	150	0	150	1	136283	1	150	201210	2013-01-15 00:00:00	10001	49023919	14810695	33	197168	21781791	TAH_INV
46978767	1	TAHSILAT	2016-02-18 00:00:00	2016-02-18 00:00:00	101	251522	40	160	40	\N	0	197168	91	0	0	40	0	40	1	136283	1	40	201512	2016-02-18 00:00:00	10001	46978767	24832625	32	197168	31810648	TAH_INV
40933972	1	TAHSILAT	2011-09-27 00:00:00	2011-09-27 00:00:00	101	251522	20	160	20	\N	0	197168	91	0	0	20	0	20	1	136283	1	20	201109	2011-09-27 00:00:00	10001	40933972	12237420	33	197168	19205823	TAH_INV
56357330	1	TAHSILAT	2011-09-23 00:00:00	2011-09-23 00:00:00	101	251522	30	160	30	\N	0	197168	91	0	0	30	0	30	1	136283	1	30	201109	2011-09-23 00:00:00	10001	56357330	12261002	7	197168	19229440	TAH_INV
50204405	1	TAHSILAT	2014-11-20 00:00:00	2014-11-20 00:00:00	101	251522	45	160	45	\N	0	197168	91	0	0	45	0	45	1	136283	1	45	201411	2014-11-20 00:00:00	10001	50204405	21407069	32	197168	28383041	TAH_INV
42073277	1	TAHSILAT	2012-08-14 00:00:00	2012-08-14 00:00:00	101	251522	25	160	25	\N	0	197168	91	0	0	25	0	25	1	136283	1	25	201208	2012-08-14 00:00:00	10001	42073277	14522177	22	197168	21493020	TAH_INV
