LREF	INVOICEREF	TYPE	IOCODE	CROSSREF_MAIN_LREF	PAYTYPE	TRANSTYPE	LINETYPE	INST_NR	DATE_	PAYABLETOTAL	PAID	CANCELED	CANCELLATIONPAYMENT	CLIENTREF	ABYS_ID	ABYS_ACCOUNT_ID	ABYS_AGREEMENT_ID	ABYS_MAIN_LREF	ABYS_ACTION_TYPE_ID	OV_KIND	REF_DEPOSIT_ACCOUNT_ID	REF_DEPOSIT_ACCOUNT_ACTION_ID	CASH_ID	RECEIPT_NUMBER
48561781	48561781	101	1	16638762	174	113	103	0	2010-09-07 00:00:00	15	0	0	0	251522	48561781	9673615	197168	16638762	33	PAY	\N	\N	531	240236149999
58196063	58196063	101	1	18380133	174	113	103	0	2011-06-16 00:00:00	115	0	0	0	251522	58196063	11412464	197168	18380133	33	PAY	\N	\N	540	0
40731962	40731962	101	1	18485369	174	113	103	0	2011-07-18 00:00:00	20	0	0	0	251522	40731962	11517615	197168	18485369	43	PAY	\N	\N	551	248669
58958224	58958224	101	1	19970087	174	113	103	0	2012-02-14 00:00:00	425	0	0	0	251522	58958224	13000681	197168	19970087	22	PAY	\N	\N	551	201169
42175491	42175491	101	1	20190743	174	113	103	0	2012-10-15 00:00:00	565	0	0	0	251522	42175491	13221074	197168	20190743	22	PAY	\N	\N	551	894046
50830067	50830067	101	1	20227726	174	113	103	0	2012-03-13 00:00:00	405	0	0	0	251522	50830067	13258024	197168	20227726	22	PAY	\N	\N	551	398217
42175490	42175490	101	1	21904363	174	113	103	0	2012-10-15 00:00:00	20	0	0	0	251522	42175490	14933170	197168	21904363	22	PAY	\N	\N	551	889029
42343634	42343634	101	1	22138057	174	113	103	0	2012-11-21 00:00:00	25	0	0	0	251522	42343634	15166687	197168	22138057	22	PAY	\N	\N	551	68351
43116139	43116139	101	1	23715324	174	113	103	0	2013-06-18 00:00:00	25	0	0	0	251522	43116139	16742819	197168	23715324	32	PAY	\N	\N	556	201306180386386
51628432	51628432	101	1	24002032	174	113	103	0	2013-08-03 00:00:00	20	0	0	0	251522	51628432	17029312	197168	24002032	32	PAY	\N	\N	541	3082
43820417	43820417	101	1	25534581	174	113	103	0	2013-12-05 00:00:00	50	0	0	0	251522	43820417	18560640	197168	25534581	32	PAY	\N	\N	541	15116
53139052	53139052	101	1	25853331	174	113	103	0	2014-03-20 00:00:00	380	0	0	0	251522	53139052	18879101	197168	25853331	32	PAY	\N	\N	541	293
51678945	51678945	101	1	27393939	174	113	103	0	2014-10-09 00:00:00	20	0	0	0	251522	51678945	20418681	197168	27393939	32	PAY	\N	\N	519	11371416
48357301	48357301	101	1	27537193	174	113	103	0	2014-11-20 00:00:00	15	0	0	0	251522	48357301	20561806	197168	27537193	32	PAY	\N	\N	519	12280632
45825012	45825012	101	1	29413665	174	113	103	0	2015-04-07 00:00:00	460	0	0	0	251522	45825012	22437159	197168	29413665	32	PAY	\N	\N	521	11872257821
58008942	58008942	101	1	30926441	174	113	103	0	2015-09-28 00:00:00	15	0	0	0	251522	58008942	23949084	197168	30926441	32	PAY	\N	\N	521	13103868512
46454345	46454345	101	1	31078567	174	113	103	0	2015-09-28 00:00:00	10	0	0	0	251522	46454345	24101103	197168	31078567	32	PAY	\N	\N	521	13103889578
46682254	46682254	101	1	31319919	174	113	103	0	2015-11-19 00:00:00	15	0	0	0	251522	46682254	24342297	197168	31319919	32	PAY	\N	\N	521	13486338616
57669008	57669008	101	1	32926055	174	113	103	0	2016-04-08 00:00:00	355	0	0	0	251522	57669008	25947411	197168	32926055	32	PAY	\N	\N	540	22270879
47516805	47516805	101	1	33124498	174	113	103	0	2016-06-19 00:00:00	275	0	0	0	251522	47516805	26145760	197168	33124498	32	PAY	\N	\N	528	419145
69704255	69704255	101	1	68668694	174	113	103	0	2017-05-08 10:23:59	358	0	0	0	251522	69704255	30263078	197168	68668694	32	PAY	\N	\N	528	2578332
49304862	49304862	101	1	16885098	174	113	103	0	2010-10-14 00:00:00	25	0	0	0	251522	49304862	9919545	197168	16885098	7	PAY	\N	\N	544	291500401552
40058427	40058427	101	1	17034950	174	113	103	0	2010-11-25 00:00:00	130	0	0	0	251522	40058427	10069228	197168	17034950	33	PAY	\N	\N	540	0
51528373	51528373	101	1	17111116	174	113	103	0	2010-12-22 00:00:00	95	0	0	0	251522	51528373	10145323	197168	17111116	33	PAY	\N	\N	531	240236169999
49332052	49332052	101	1	18746477	174	113	103	0	2011-08-16 00:00:00	20	0	0	0	251522	49332052	11778475	197168	18746477	33	PAY	\N	\N	531	240236179999
58944343	58944343	101	1	18849256	174	113	103	0	2011-09-23 00:00:00	15	0	0	0	251522	58944343	11881154	197168	18849256	22	PAY	\N	\N	551	185671
58944443	58944443	101	1	\N	33	113	103	0	2011-09-23 00:00:00	15	0	0	0	0	58944443	11881154	197168	\N	5	PAY	\N	\N	6	105019
41640821	41640821	101	1	20515715	174	113	103	0	2012-04-30 00:00:00	180	0	0	0	251522	41640821	13545776	197168	20515715	33	PAY	\N	\N	531	220036159999
41723051	41723051	101	1	20694535	33	113	103	0	2012-05-22 00:00:00	70	0	0	0	251522	41723051	13724458	197168	20694535	5	PAY	\N	\N	60	152289
48623211	48623211	101	1	20770139	174	113	103	0	2012-06-18 00:00:00	35	0	0	0	251522	48623211	13800010	197168	20770139	33	PAY	\N	\N	531	222236119999
42333918	42333918	101	1	22416150	174	113	103	0	2012-12-19 00:00:00	145	0	0	0	251522	42333918	15444569	197168	22416150	22	PAY	\N	\N	551	437868
42596505	42596505	101	1	22611802	174	113	103	0	2013-02-25 00:00:00	500	0	0	0	251522	42596505	15640062	197168	22611802	22	PAY	\N	\N	551	30322101
49395260	49395260	101	1	22636570	174	113	103	0	2013-03-13 00:00:00	295	0	0	0	251522	49395260	15664805	197168	22636570	22	PAY	\N	\N	551	2854601
54959127	54959127	101	1	24347929	174	113	103	0	2013-09-16 00:00:00	25	0	0	0	251522	54959127	17374918	197168	24347929	33	PAY	\N	\N	531	240236029999
44371927	44371927	101	1	26044775	174	113	103	0	2014-04-19 00:00:00	340	0	0	0	251522	44371927	19070407	197168	26044775	32	PAY	\N	\N	541	12902
59051045	59051045	101	1	26235680	174	113	103	0	2014-04-25 00:00:00	240	0	0	0	251522	59051045	19261180	197168	26235680	32	PAY	\N	\N	541	1932
45149432	45149432	101	1	28077379	174	113	103	0	2014-11-20 00:00:00	20	0	0	0	251522	45149432	21101581	197168	28077379	32	PAY	\N	\N	519	12280634
58360701	58360701	101	1	29684250	174	113	103	0	2015-05-26 00:00:00	375	0	0	0	251522	58360701	22707632	197168	29684250	32	PAY	\N	\N	521	12204406865
50233925	50233925	101	1	29848976	174	113	103	0	2015-06-22 00:00:00	130	0	0	0	251522	50233925	22872262	197168	29848976	32	PAY	\N	\N	521	12396542746
46739567	46739567	101	1	31518726	174	113	103	0	2015-12-17 00:00:00	150	0	0	0	251522	46739567	24540900	197168	31518726	32	PAY	\N	\N	521	13697442747
63947415	63947415	101	1	63947404	10	113	103	0	2016-08-15 15:53:13	13.51	0	0	0	251522	63947415	27888715	197168	63947404	6	MAHSUP	15640062	63947414	1	264225
63947417	63947417	101	1	63947404	10	113	103	0	2016-08-15 15:53:13	0.43	0	0	0	251522	63947417	27888715	197168	63947404	6	MAHSUP	27095066	63947416	1	264226
63947419	63947419	101	1	63947404	10	113	103	0	2016-08-15 15:53:13	14.57	0	0	0	251522	63947419	27888715	197168	63947404	6	MAHSUP	27095064	63947418	1	264247
65190622	65190622	101	1	63947404	174	113	103	0	2016-10-07 09:00:49	6.49	0	0	0	251522	65190622	27888715	197168	63947404	32	PAY	\N	\N	540	581677
68698922	68698922	101	1	66772613	174	113	103	0	2017-03-16 14:01:08	389	0	0	0	251522	68698922	29277372	197168	66772613	32	PAY	\N	\N	540	2120417
40345771	40345771	101	1	17424368	174	113	103	0	2011-02-28 00:00:00	350	0	0	0	251522	40345771	10458275	197168	17424368	7	PAY	\N	\N	544	291500102590
60940043	60940043	101	1	19115898	10	113	103	0	2011-10-11 13:57:26	9.9	0	0	0	251522	60940043	12147565	197168	19115898	6	MAHSUP	27095065	\N	1	893887
60940054	60940054	101	1	19444984	10	113	103	0	2011-11-14 10:48:40	5.1	0	0	0	251522	60940054	12476283	197168	19444984	6	MAHSUP	27095065	\N	1	893898
60940061	60940061	101	1	19444984	10	113	103	0	2011-11-14 10:48:40	15	0	0	0	251522	60940061	12476283	197168	19444984	6	MAHSUP	11881154	\N	1	893900
52670293	52670293	101	1	19444984	174	113	103	0	2011-12-02 00:00:00	280	0	0	0	251522	52670293	12476283	197168	19444984	33	PAY	\N	\N	531	240236199999
57502461	57502461	101	1	21077498	174	113	103	0	2012-07-25 00:00:00	20	0	0	0	251522	57502461	14107128	197168	21077498	22	PAY	\N	\N	551	572250
50522704	50522704	101	1	24550658	174	113	103	0	2013-10-11 00:00:00	15	0	0	0	251522	50522704	17577484	197168	24550658	33	PAY	\N	\N	531	240236189999
50164553	50164553	101	1	24646736	174	113	103	0	2013-12-05 00:00:00	20	0	0	0	251522	50164553	17673501	197168	24646736	32	PAY	\N	\N	541	15092
56101083	56101083	101	1	26580179	174	113	103	0	2014-06-21 00:00:00	105	0	0	0	251522	56101083	19605461	197168	26580179	32	PAY	\N	\N	528	403052
44525016	44525016	101	1	26777924	174	113	103	0	2014-06-21 00:00:00	20	0	0	0	251522	44525016	19803104	197168	26777924	32	PAY	\N	\N	528	400159
45288648	45288648	101	1	28350953	174	113	103	0	2014-12-18 00:00:00	135	0	0	0	251522	45288648	21375002	197168	28350953	32	PAY	\N	\N	519	12881076
50211452	50211452	101	1	28544306	174	113	103	0	2015-01-19 00:00:00	325	0	0	0	251522	50211452	21568240	197168	28544306	32	PAY	\N	\N	521	11314710049
54309304	54309304	101	1	30257868	174	113	103	0	2015-07-27 00:00:00	20	0	0	0	251522	54309304	23280943	197168	30257868	32	PAY	\N	\N	521	12649235499
55415851	55415851	101	1	30318369	174	113	103	0	2015-07-27 00:00:00	20	0	0	0	251522	55415851	23341407	197168	30318369	32	PAY	\N	\N	521	12649245027
54693471	54693471	101	1	31997813	174	113	103	0	2015-12-17 00:00:00	265	0	0	0	251522	54693471	25019685	197168	31997813	32	PAY	\N	\N	521	13697446477
46994896	46994896	101	1	32276365	174	113	103	0	2016-02-18 00:00:00	520	0	0	0	251522	46994896	25298027	197168	32276365	32	PAY	\N	\N	540	21490147
53239954	53239954	101	1	33677718	174	113	103	0	2016-06-19 00:00:00	10	0	0	0	251522	53239954	26698721	197168	33677718	32	PAY	\N	\N	528	419165
63078818	63078818	101	1	33756749	174	113	103	0	2016-07-29 10:35:20	15	0	0	0	251522	63078818	26777704	197168	33756749	32	PAY	\N	\N	540	1848
65190624	65190624	101	1	64818280	174	113	103	0	2016-10-07 09:00:52	15	0	0	0	251522	65190624	28266770	197168	64818280	32	PAY	\N	\N	540	581679
68698921	68698921	101	1	67421689	174	113	103	0	2017-03-16 14:01:07	615	0	0	0	251522	68698921	29608494	197168	67421689	32	PAY	\N	\N	540	2120416
69725444	69725444	101	1	69297657	174	113	103	0	2017-05-08 16:57:39	374	0	0	0	251522	69725444	30592502	197168	69297657	32	PAY	\N	\N	528	2585084
57449061	57449061	101	1	17709010	174	113	103	0	2011-03-12 00:00:00	285	0	0	0	251522	57449061	10742132	197168	17709010	33	PAY	\N	\N	540	0
51906085	51906085	101	1	17776829	174	113	103	0	2011-03-11 00:00:00	390	0	0	0	251522	51906085	10809737	197168	17776829	33	PAY	\N	\N	531	240236229999
40479542	40479542	101	1	17855023	174	113	103	0	2011-04-20 00:00:00	330	0	0	0	251522	40479542	10887878	197168	17855023	33	PAY	\N	\N	528	400213
50825199	50825199	101	1	19652037	174	113	103	0	2012-01-20 00:00:00	335	0	0	0	251522	50825199	12683079	197168	19652037	22	PAY	\N	\N	551	398701
42073278	42073278	101	1	21472575	174	113	103	0	2012-08-14 00:00:00	20	0	0	0	251522	42073278	14501773	197168	21472575	22	PAY	\N	\N	551	793220
41934175	41934175	101	1	21626273	174	113	103	0	2012-09-15 00:00:00	25	0	0	0	251522	41934175	14655321	197168	21626273	33	PAY	\N	\N	540	0
56043876	56043876	101	1	23181654	174	113	103	0	2013-04-08 00:00:00	320	0	0	0	251522	56043876	16209510	197168	23181654	33	PAY	\N	\N	531	240236009999
52728676	52728676	101	1	23407379	174	113	103	0	2013-05-24 00:00:00	275	0	0	0	251522	52728676	16435067	197168	23407379	33	PAY	\N	\N	531	240236149999
43083813	43083813	101	1	23519962	174	113	103	0	2013-07-16 00:00:00	145	0	0	0	251522	43083813	16547588	197168	23519962	32	PAY	\N	\N	541	23156
44081513	44081513	101	1	25064724	174	113	103	0	2014-01-24 00:00:00	440	0	0	0	251522	44081513	18091151	197168	25064724	33	PAY	\N	\N	531	240236029999
53491025	53491025	101	1	25160450	174	113	103	0	2013-12-30 00:00:00	340	0	0	0	251522	53491025	18186808	197168	25160450	32	PAY	\N	\N	541	21769
59431866	59431866	101	1	27104106	174	113	103	0	2014-07-24 00:00:00	20	0	0	0	251522	59431866	20129070	197168	27104106	32	PAY	\N	\N	519	9947222
50962692	50962692	101	1	28667150	174	113	103	0	2015-02-23 00:00:00	580	0	0	0	251522	50962692	21691018	197168	28667150	32	PAY	\N	\N	528	611138
45779139	45779139	101	1	28970899	174	113	103	0	2015-03-16 00:00:00	495	0	0	0	251522	45779139	21994622	197168	28970899	32	PAY	\N	\N	521	11707926607
49535817	49535817	101	1	32538207	174	113	103	0	2016-03-08 00:00:00	510	0	0	0	251522	49535817	25559732	197168	32538207	32	PAY	\N	\N	521	14319046551
66713075	66713075	101	1	65444724	174	113	103	0	2016-12-14 10:15:23	10	0	0	0	251522	66713075	28602880	197168	65444724	32	PAY	\N	\N	540	1228396
68364343	68364343	101	1	66128022	174	113	103	0	2017-03-06 12:05:30	225	0	0	0	251522	68364343	28946703	197168	66128022	32	PAY	\N	\N	540	1990936
68894355	68894355	101	1	67993065	174	113	103	0	2017-03-29 08:55:18	466	0	0	0	251522	68894355	29900002	197168	67993065	32	PAY	\N	\N	540	2253575
71112314	71112314	101	1	69972395	174	113	103	0	2017-07-11 09:21:02	76	0	0	0	251522	71112314	30933339	197168	69972395	32	PAY	\N	\N	528	3180025
71891283	71891283	101	1	71283487	174	113	103	0	2017-08-14 17:21:15	19	0	0	0	251522	71891283	31624925	197168	71283487	32	PAY	\N	\N	528	3504600
71138208	71138208	101	1	70642390	174	113	103	0	2017-07-11 17:21:49	17	0	0	0	251522	71138208	31282503	197168	70642390	32	PAY	\N	\N	528	3189069
71891284	71891284	101	1	71728612	174	113	103	0	2017-08-14 17:21:16	10	0	0	0	251522	71891284	31841790	197168	71728612	32	PAY	\N	\N	528	3504601
72449843	72449843	101	1	72340926	174	113	103	0	2017-09-15 10:57:37	16	0	0	0	251522	72449843	32150824	197168	72340926	32	PAY	\N	\N	528	3753131
73010401	73010401	101	1	72982761	174	113	103	0	2017-10-09 13:18:10	12	0	0	0	251522	73010401	32492231	197168	72982761	32	PAY	\N	\N	528	4005335
74383321	74383321	101	1	73678924	174	113	103	0	2017-12-07 16:09:57	68	0	0	0	251522	74383321	32842274	197168	73678924	32	PAY	\N	\N	528	4625800
74914998	74914998	101	1	74376057	174	113	103	0	2018-01-02 09:08:13	321	0	0	0	251522	74914998	33192648	197168	74376057	32	PAY	\N	\N	528	4906572
76112940	76112940	101	1	75074556	174	113	103	0	2018-02-19 10:50:50	251	0	0	0	251522	76112940	33549530	197168	75074556	32	PAY	\N	\N	528	5378305
77174142	77174142	101	1	76442207	174	113	103	0	2018-04-09 16:49:28	324	0	0	0	251522	77174142	34256108	197168	76442207	32	PAY	\N	\N	528	5881103
76580552	76580552	101	1	75762577	174	113	103	0	2018-03-12 15:48:02	387	0	0	0	251522	76580552	33903886	197168	75762577	32	PAY	\N	\N	528	5598946
77846086	77846086	101	1	77128033	174	113	103	0	2018-05-09 11:21:36	300	0	0	0	251522	77846086	34606842	197168	77128033	32	PAY	\N	\N	528	6185727
86085879	86085879	101	1	85180210	174	113	103	0	2019-04-29 08:16:21	367	0	0	0	251522	86085879	38832990	197168	85180210	32	PAY	\N	\N	528	9870283
78572795	78572795	101	1	77819638	174	113	103	0	2018-06-08 19:36:17	62	0	0	0	251522	78572795	34961443	197168	77819638	32	PAY	\N	\N	528	6505943
89601577	89601577	101	1	88830962	174	113	103	0	2019-09-24 14:05:31	21	0	0	0	251522	89601577	40724823	197168	88830962	32	PAY	\N	\N	540	11420323
86962963	86962963	101	1	85903313	174	113	103	0	2019-06-10 10:49:13	339	0	0	0	251522	86962963	39212501	197168	85903313	32	PAY	\N	\N	528	10286042
79233418	79233418	101	1	78529430	174	113	103	0	2018-07-09 10:55:16	1	0	0	0	251522	79233418	35333953	197168	78529430	32	PAY	\N	\N	528	6795848
91123211	91123211	101	1	90222938	174	113	103	0	2019-11-29 17:05:25	23	0	0	0	251522	91123211	41444506	197168	90222938	32	PAY	\N	\N	540	12150080
90437696	90437696	101	1	89525789	174	113	103	0	2019-11-01 09:20:38	24	0	0	0	251522	90437696	41098192	197168	89525789	32	PAY	\N	\N	540	11837467
83706920	83706920	101	1	81573650	174	113	103	0	2019-01-21 09:11:42	19	0	0	0	251522	83706920	36924659	197168	81573650	32	PAY	\N	\N	521	8773320
79233634	79233634	101	1	79214745	174	113	103	0	2018-07-09 10:58:00	18	0	0	0	251522	79233634	35689053	197168	79214745	32	PAY	\N	\N	528	6795896
87729503	87729503	101	1	86634880	174	113	103	0	2019-07-08 12:14:58	94	0	0	0	251522	87729503	39585099	197168	86634880	32	PAY	\N	\N	528	10593001
91825037	91825037	101	1	90953225	174	113	103	0	2019-12-30 09:25:32	82	0	0	0	251522	91825037	41801951	197168	90953225	32	PAY	\N	\N	540	12480545
83222183	83222183	101	1	82302492	174	113	103	0	2018-12-31 16:10:16	267	0	0	0	251522	83222183	37310759	197168	82302492	32	PAY	\N	\N	528	8581375
80452127	80452127	101	1	80175949	174	113	103	0	2018-09-05 11:25:21	28	0	0	0	251522	80452127	36197639	197168	80175949	32	PAY	\N	\N	540	7329700
83916921	83916921	101	1	83011563	174	113	103	0	2019-01-29 09:35:24	444	0	0	0	251522	83916921	37684273	197168	83011563	32	PAY	\N	\N	540	8886287
88253765	88253765	101	1	87397614	174	113	103	0	2019-07-29 09:45:38	31	0	0	0	251522	88253765	39976954	197168	87397614	32	PAY	\N	\N	540	10835448
84668343	84668343	101	1	83734437	174	113	103	0	2019-03-01 10:25:40	637	0	0	0	251522	84668343	38084923	197168	83734437	32	PAY	\N	\N	540	9231676
81291564	81291564	101	1	80843586	174	113	103	0	2018-10-10 08:59:28	28	0	0	0	251522	81291564	36544909	197168	80843586	32	PAY	\N	\N	528	7688941
88944085	88944085	101	1	88100361	174	113	103	0	2019-08-29 14:30:50	15	0	0	0	251522	88944085	40346650	197168	88100361	32	PAY	\N	\N	540	11135320
85377132	85377132	101	1	84463715	174	113	103	0	2019-03-29 11:30:28	441	0	0	0	251522	85377132	38461205	197168	84463715	32	PAY	\N	\N	540	9553332
93988473	93988473	101	1	93121943	174	113	103	0	2020-03-30 08:40:34	1026	0	0	0	251522	93988473	42884309	197168	93121943	32	PAY	\N	\N	540	13466558
92558059	92558059	101	1	91679380	174	113	103	0	2020-01-29 10:30:31	480	0	0	0	251522	92558059	42158856	197168	91679380	32	PAY	\N	\N	540	12819969
94666949	94666949	101	1	93829391	174	113	103	0	2020-04-29 09:08:12	377	0	0	0	251522	94666949	43251634	197168	93829391	32	PAY	\N	\N	540	13769082
96870338	96870338	101	1	95934245	174	113	103	0	2020-07-29 09:08:14	67	0	0	0	251522	96870338	44376331	197168	95934245	32	PAY	\N	\N	540	14765298
98437197	98437197	101	1	98195550	174	113	103	0	2020-10-02 12:51:27	63	0	0	0	251522	98437197	45547681	197168	98195550	32	PAY	\N	\N	521	15461187
95317473	95317473	101	1	94545194	174	113	103	0	2020-05-29 07:04:18	598	0	0	0	251522	95317473	43626208	197168	94545194	32	PAY	\N	\N	540	14073711
97443029	97443029	101	1	96746116	174	113	103	0	2020-08-24 09:50:20	32	0	0	0	251522	97443029	44786794	197168	96746116	32	PAY	\N	\N	521	15000376
99256372	99256372	101	1	98931828	174	113	103	0	2020-11-05 15:08:58	29	0	0	0	251522	99256372	45942159	197168	98931828	32	PAY	\N	\N	521	15823540
96133337	96133337	101	1	95260750	174	113	103	0	2020-06-30 14:12:11	188	0	0	0	251522	96133337	44003319	197168	95260750	32	PAY	\N	\N	540	14445868
99926070	99926070	101	1	99705474	174	113	103	0	2020-12-02 09:16:05	236	0	0	0	251522	99926070	46358370	197168	99705474	32	PAY	\N	\N	521	16134791
101408825	101408825	101	1	101228947	174	113	103	0	2021-02-01 10:37:55	667	0	0	0	251522	101408825	47151022	197168	101228947	16	PAY	\N	\N	540	16818169
100656835	100656835	101	1	100459636	174	113	103	0	2020-12-31 10:32:40	426	0	0	0	251522	100656835	46752028	197168	100459636	16	PAY	\N	\N	540	16478035
102898695	102898695	101	1	102712189	174	113	103	0	2021-03-30 10:36:58	670	0	0	0	251522	102898695	47945397	197168	102712189	16	PAY	\N	\N	540	17507480
102179063	102179063	101	1	101965969	174	113	103	0	2021-03-02 10:37:41	644	0	0	0	251522	102179063	47551404	197168	101965969	16	PAY	\N	\N	540	17168824
123745233	123745233	101	1	123745231	10	113	103	0	2023-07-26 13:49:34	202.07	0	0	0	251522	123745233	59106222	197168	123745231	6	MAHSUP	58522082	123745232	1	699728
123745235	123745235	101	1	123745231	10	113	103	0	2023-07-26 13:49:34	0.1	0	0	0	251522	123745235	59106222	197168	123745231	6	MAHSUP	58750448	123745234	1	699729
124224614	124224614	101	1	123745231	10	113	103	0	2023-08-17 16:03:24	41.3	0	0	0	251522	124224614	59106222	197168	123745231	6	MAHSUP	58522082	124224613	46	5013
124225023	124225023	101	1	123745231	174	113	103	0	2023-08-17 16:23:32	60.7	0	0	0	251522	124225023	59106222	197168	123745231	32	PAY	\N	\N	521	26768534
103663287	103663287	101	1	103493529	174	113	103	0	2021-05-03 10:34:50	663	0	0	0	251522	103663287	48339599	197168	103493529	16	PAY	\N	\N	540	17860376
125127528	125127528	101	1	124936983	174	113	103	0	2023-10-06 14:21:57	110	0	0	0	251522	125127528	60025691	197168	124936983	32	PAY	\N	\N	521	26917786
126083447	126083447	101	1	125482642	174	113	103	0	2023-11-25 12:51:22	203	0	0	0	251522	126083447	60443718	197168	125482642	32	PAY	\N	\N	521	27132241
126179563	126179563	101	1	125993012	174	113	103	0	2023-11-30 10:08:22	552	0	0	0	251522	126179563	123780944	197168	125993012	32	PAY	\N	\N	521	27166221
104497823	104497823	101	1	104226580	174	113	103	0	2021-06-07 10:37:25	231	0	0	0	251522	104497823	48711348	197168	104226580	16	PAY	\N	\N	540	18212310
126997332	126997332	101	1	126748999	174	113	103	0	2023-12-31 09:20:49	1623	0	0	0	251522	126997332	124228262	197168	126748999	32	PAY	\N	\N	521	27503370
105112234	105112234	101	1	104912440	174	113	103	0	2021-07-01 10:32:19	112	0	0	0	251522	105112234	49080742	197168	104912440	16	PAY	\N	\N	540	18515460
128645885	128645885	101	1	128352010	174	113	103	0	2024-03-01 09:59:40	4198	0	0	0	251522	128645885	125088194	197168	128352010	32	PAY	\N	\N	521	28243930
129444003	129444003	101	1	129190688	174	113	103	0	2024-03-31 07:30:01	1895	0	0	0	251522	129444003	125536966	197168	129190688	32	PAY	\N	\N	521	28587140
105919064	105919064	101	1	105695440	174	113	103	0	2021-08-06 10:36:16	98	0	0	0	251522	105919064	49466946	197168	105695440	16	PAY	\N	\N	540	18860965
130209289	130209289	101	1	129986461	174	113	103	0	2024-04-30 09:07:42	1051	0	0	0	251522	130209289	125972701	197168	129986461	32	PAY	\N	\N	521	28907398
131005633	131005633	101	1	130798337	174	113	103	0	2024-05-30 09:46:43	942	0	0	0	251522	131005633	126397260	197168	130798337	32	PAY	\N	\N	521	29261846
131802132	131802132	101	1	131588285	174	113	103	0	2024-06-30 21:13:20	317	0	0	0	251522	131802132	126814146	197168	131588285	32	PAY	\N	\N	521	29609761
106481056	106481056	101	1	106310273	174	113	103	0	2021-08-31 10:41:48	53	0	0	0	251522	106481056	49803656	197168	106310273	16	PAY	\N	\N	540	19121359
132533391	132533391	101	1	132367385	174	113	103	0	2024-07-30 09:43:50	187	0	0	0	251522	132533391	127213529	197168	132367385	32	PAY	\N	\N	521	29948862
133333306	133333306	101	1	133123516	174	113	103	0	2024-08-30 07:59:39	191	0	0	0	251522	133333306	127622557	197168	133123516	32	PAY	\N	\N	521	30305750
134142489	134142489	101	1	133886188	174	113	103	0	2024-09-30 11:21:03	179	0	0	0	251522	134142489	128027362	197168	133886188	32	PAY	\N	\N	521	30670100
134966727	134966727	101	1	134685399	174	113	103	0	2024-10-30 09:51:57	323	0	0	0	251522	134966727	128438323	197168	134685399	32	PAY	\N	\N	521	31040921
108027771	108027771	101	1	107841891	174	113	103	0	2021-11-02 10:31:39	343	0	0	0	251522	108027771	50607386	197168	107841891	16	PAY	\N	\N	540	19827876
136698757	136698757	101	1	136420759	174	113	103	0	2024-12-30 12:18:00	5227	0	0	0	251522	136698757	129320115	197168	136420759	32	PAY	\N	\N	521	31845484
108833509	108833509	101	1	108633830	174	113	103	0	2021-12-03 10:35:21	511	0	0	0	251522	108833509	51008694	197168	108633830	16	PAY	\N	\N	540	20197226
137520574	137520574	101	1	137368170	174	113	103	0	2025-01-30 06:31:49	3772	0	0	0	251522	137520574	129798022	197168	137368170	32	PAY	\N	\N	521	32227741
139257550	139257550	101	1	139027518	174	113	103	0	2025-03-30 14:24:05	6539	0	0	0	251522	139257550	130659091	197168	139027518	32	PAY	\N	\N	521	33032468
109510236	109510236	101	1	109425605	174	113	103	0	2021-12-28 14:16:05	662	0	1	0	251522	109510236	51407277	197168	109425605	32	PAY	\N	\N	519	20500324
109577625	109577625	101	1	109425605	174	113	103	0	2022-01-03 10:31:55	662	0	0	0	251522	109577625	51407277	197168	109425605	16	PAY	\N	\N	540	20551910
140028435	140028435	101	1	139890369	174	113	103	0	2025-04-28 07:14:40	2582	0	0	0	251522	140028435	131108755	197168	139890369	32	PAY	\N	\N	521	33384939
140887046	140887046	101	1	140727243	174	113	103	0	2025-05-28 12:29:25	1581	0	0	0	251522	140887046	131546664	197168	140727243	32	PAY	\N	\N	521	33785113
141724764	141724764	101	1	141543556	174	113	103	0	2025-06-29 16:54:30	316	0	0	0	251522	141724764	131973128	197168	141543556	32	PAY	\N	\N	521	34154294
110500492	110500492	101	1	110275254	174	113	103	0	2022-02-07 12:19:35	1135	0	0	0	251522	110500492	51825140	197168	110275254	16	PAY	\N	\N	540	20958497
142386130	142386130	101	1	142382641	174	113	103	0	2025-07-23 10:44:31	248	0	0	0	251522	142386130	132382481	197168	142382641	32	PAY	\N	\N	521	34486814
143383371	143383371	101	1	143222716	174	113	103	0	2025-08-29 09:51:33	267	0	0	0	251522	143383371	132829119	197168	143222716	32	PAY	\N	\N	521	34926234
111260965	111260965	101	1	111016285	174	113	103	0	2022-03-07 10:55:09	966	0	0	0	251522	111260965	52209714	197168	111016285	16	PAY	\N	\N	540	21307567
144257307	144257307	101	1	144022195	174	113	103	0	2025-09-28 19:55:25	244	0	0	0	251522	144257307	133249068	197168	144022195	32	PAY	\N	\N	521	35312048
145117378	145117378	101	1	144923960	174	113	103	0	2025-10-28 22:09:58	1231	0	0	0	251522	145117378	133709797	197168	144923960	32	PAY	\N	\N	521	35716168
111955638	111955638	101	1	111782800	174	113	103	0	2022-04-04 10:34:53	1089	0	0	0	251522	111955638	52603727	197168	111782800	16	PAY	\N	\N	540	21643120
146013509	146013509	101	1	145833573	174	113	103	0	2025-11-28 20:21:34	2251	0	0	0	251522	146013509	134179698	197168	145833573	32	PAY	\N	\N	521	36135345
146913732	146913732	101	1	146685704	174	113	103	0	2025-12-29 10:52:48	3571	0	0	0	251522	146913732	134615775	197168	146685704	32	PAY	\N	\N	521	36554508
112676562	112676562	101	1	112538887	174	113	103	0	2022-05-05 10:37:18	747	0	0	0	251522	112676562	53001920	197168	112538887	16	PAY	\N	\N	540	21983754
147781422	147781422	101	1	147588523	174	113	103	0	2026-01-28 12:29:52	5762	0	0	0	251522	147781422	135070146	197168	147588523	32	PAY	\N	\N	521	36965650
148702200	148702200	101	1	148499515	174	113	103	0	2026-02-28 12:44:58	4826	0	0	0	251522	148702200	135542191	197168	148499515	32	PAY	\N	\N	521	37373349
149424352	149424352	101	1	149349692	174	113	103	0	2026-03-23 17:40:06	4422	0	0	0	251522	149424352	135986508	197168	149349692	32	PAY	\N	\N	521	37721798
114266767	114266767	101	1	114044960	174	113	103	0	2022-07-04 09:51:12	138	0	0	0	251522	114266767	53785786	197168	114044960	16	PAY	\N	\N	540	22693983
113569997	113569997	101	1	113322123	174	113	103	0	2022-06-07 09:48:46	432	0	0	0	251522	113569997	53412028	197168	113322123	16	PAY	\N	\N	540	22371863
150359999	150359999	101	1	150323602	174	113	103	0	2026-04-24 11:41:00	5113	0	0	0	251522	150359999	136479988	197168	150323602	32	PAY	\N	\N	521	38148821
115139352	115139352	101	1	114850744	174	113	103	0	2022-08-08 09:56:18	177	0	0	0	251522	115139352	54200610	197168	114850744	16	PAY	\N	\N	540	23072052
151426483	151426483	101	1	151205685	174	113	103	0	2026-06-01 11:11:17	3964	0	0	0	251522	151426483	136954249	197168	151205685	16	PAY	\N	\N	521	38638888
152358356	152358356	101	1	152086341	174	113	103	0	2026-07-02 08:12:44	731	0	0	0	251522	152358356	137397123	197168	152086341	16	PAY	\N	\N	521	39062587
115783563	115783563	101	1	115573544	174	113	103	0	2022-09-02 09:47:28	128	0	0	0	251522	115783563	54572476	197168	115573544	16	PAY	\N	\N	540	23378581
116577313	116577313	101	1	116352161	174	113	103	0	2022-10-03 09:48:26	149	0	0	0	251522	116577313	54975698	197168	116352161	16	PAY	\N	\N	540	23733808
117483536	117483536	101	1	117280400	174	113	103	0	2022-11-05 07:05:04	627	0	0	0	251522	117483536	55453829	197168	117280400	32	PAY	\N	\N	521	24142697
118078284	118078284	101	1	118040451	174	113	103	0	2022-11-25 18:12:13	908	0	0	0	251522	118078284	55849515	197168	118040451	32	PAY	\N	\N	521	24403307
118821146	118821146	101	1	118804401	174	113	103	0	2022-12-23 10:23:29	1436	0	0	0	251522	118821146	56239858	197168	118804401	32	PAY	\N	\N	521	24747165
119724324	119724324	101	1	119640357	174	113	103	0	2023-01-26 14:39:49	1804	0	0	0	251522	119724324	56675008	197168	119640357	32	PAY	\N	\N	521	25171568
120478556	120478556	101	1	120468886	174	113	103	0	2023-02-23 09:52:09	2183	0	0	0	251522	120478556	57096677	197168	120468886	32	PAY	\N	\N	521	25515245
121404089	121404089	101	1	121335613	174	113	103	0	2023-03-30 10:09:11	1626	0	0	0	251522	121404089	57532168	197168	121335613	32	PAY	\N	\N	521	25951850
54474468	54474468	101	1	16354161	32	113	103	0	2010-06-21 00:00:00	25	0	0	0	251522	54474468	9391529	197168	16354161	4	PAY	\N	\N	62	14639
49670530	49670530	101	1	16531261	174	113	103	0	2010-08-25 00:00:00	55	0	0	0	251522	49670530	9566850	197168	16531261	33	PAY	\N	\N	531	240236119999
48165458	48165458	101	1	14852598	174	113	103	0	2009-10-02 00:00:00	25	0	0	0	251522	48165458	7898599	197168	14852598	7	PAY	\N	\N	544	291500700303
39125301	39125301	101	1	15030009	174	113	103	0	2009-10-27 00:00:00	25	0	0	0	251522	39125301	8074318	197168	15030009	7	PAY	\N	\N	544	291500705158
58521041	58521041	101	1	15193520	174	113	103	0	2009-12-07 00:00:00	110	0	0	0	251522	58521041	8236673	197168	15193520	7	PAY	\N	\N	544	291500700857
54083000	54083000	101	1	14698308	174	113	103	0	2009-08-14 00:00:00	30	0	0	0	251522	54083000	7745970	197168	14698308	7	PAY	\N	\N	544	291500701720
48179931	48179931	101	1	15683689	32	113	103	0	2010-03-24 00:00:00	395	0	0	0	251522	48179931	8724588	197168	15683689	4	PAY	\N	\N	74	23250
49285824	49285824	101	1	15333439	174	113	103	0	2010-01-18 00:00:00	235	0	0	0	251522	49285824	8375884	197168	15333439	7	PAY	\N	\N	544	291500101019
39359980	39359980	101	1	15532829	174	113	103	0	2010-01-28 00:00:00	250	0	0	0	251522	39359980	8574356	197168	15532829	7	PAY	\N	\N	544	291500103376
50400423	50400423	101	1	15876450	33	113	103	0	2010-04-16 00:00:00	280	0	0	0	251522	50400423	8916518	197168	15876450	5	PAY	\N	\N	12	53076
51141327	51141327	101	1	16027508	174	113	103	0	2010-04-28 00:00:00	225	0	0	0	251522	51141327	9066923	197168	16027508	7	PAY	\N	\N	513	941200000000001
51886029	51886029	101	1	16194265	32	113	103	0	2010-06-21 00:00:00	85	0	0	0	251522	51886029	9232876	197168	16194265	4	PAY	\N	\N	62	14639
92889228	92889228	101	1	92309497	174	113	103	0	2020-02-13 13:20:30	1.77	0	0	0	251522	92889228	42478484	197168	92309497	32	PAY	\N	\N	540	12959090
92889229	92889229	101	1	92309498	174	113	103	0	2020-02-13 13:20:31	1.77	0	0	0	251522	92889229	42478485	197168	92309498	32	PAY	\N	\N	540	12959091
92889230	92889230	101	1	92309500	174	113	103	0	2020-02-13 13:20:31	1.77	0	0	0	251522	92889230	42478486	197168	92309500	32	PAY	\N	\N	540	12959092
92890510	92890510	101	1	92309509	174	113	103	0	2020-02-13 13:52:15	1.77	0	0	0	251522	92890510	42478493	197168	92309509	32	PAY	\N	\N	540	12959601
92890784	92890784	101	1	92309510	174	113	103	0	2020-02-13 13:56:16	1.77	0	0	0	251522	92890784	42478494	197168	92309510	32	PAY	\N	\N	540	12959672
92890785	92890785	101	1	92309514	174	113	103	0	2020-02-13 13:56:17	1.77	0	0	0	251522	92890785	42478495	197168	92309514	32	PAY	\N	\N	540	12959673
92890870	92890870	101	1	92309516	174	113	103	0	2020-02-13 13:56:17	1.77	0	0	0	251522	92890870	42478496	197168	92309516	32	PAY	\N	\N	540	12959618
92890788	92890788	101	1	92309517	174	113	103	0	2020-02-13 13:56:18	1.77	0	0	0	251522	92890788	42478497	197168	92309517	32	PAY	\N	\N	540	12959674
92890985	92890985	101	1	92309521	174	113	103	0	2020-02-13 14:00:24	1.77	0	0	0	251522	92890985	42478498	197168	92309521	32	PAY	\N	\N	540	12959745
92890790	92890790	101	1	92309523	174	113	103	0	2020-02-13 13:56:19	1.77	0	0	0	251522	92890790	42478499	197168	92309523	32	PAY	\N	\N	540	12959676
92891063	92891063	101	1	92309524	174	113	103	0	2020-02-13 14:00:25	1.77	0	0	0	251522	92891063	42478500	197168	92309524	32	PAY	\N	\N	540	12959629
92891064	92891064	101	1	92309525	174	113	103	0	2020-02-13 14:00:26	1.77	0	0	0	251522	92891064	42478501	197168	92309525	32	PAY	\N	\N	540	12959630
92891065	92891065	101	1	92309526	174	113	103	0	2020-02-13 14:00:27	1.77	0	0	0	251522	92891065	42478502	197168	92309526	32	PAY	\N	\N	540	12959631
92857035	92857035	101	1	92309468	174	113	103	0	2020-02-12 11:16:23	3.78	0	0	0	251522	92857035	42478467	197168	92309468	32	PAY	\N	\N	521	12948075
92857311	92857311	101	1	92309473	174	113	103	0	2020-02-12 11:19:01	1.77	0	0	0	251522	92857311	42478468	197168	92309473	32	PAY	\N	\N	521	12948089
92857310	92857310	101	1	92309476	174	113	103	0	2020-02-12 11:19:00	1.77	0	0	0	251522	92857310	42478469	197168	92309476	32	PAY	\N	\N	521	12948088
92857317	92857317	101	1	92309477	174	113	103	0	2020-02-12 11:19:06	1.77	0	0	0	251522	92857317	42478470	197168	92309477	32	PAY	\N	\N	521	12948091
92857213	92857213	101	1	92309479	174	113	103	0	2020-02-12 11:19:02	1.77	0	0	0	251522	92857213	42478471	197168	92309479	32	PAY	\N	\N	521	12948172
92857215	92857215	101	1	92309481	174	113	103	0	2020-02-12 11:19:27	1.77	0	0	0	251522	92857215	42478472	197168	92309481	32	PAY	\N	\N	521	12948174
92857337	92857337	101	1	92309482	174	113	103	0	2020-02-12 11:19:39	1.77	0	0	0	251522	92857337	42478473	197168	92309482	32	PAY	\N	\N	521	12948097
92857348	92857348	101	1	92309483	174	113	103	0	2020-02-12 11:20:03	1.77	0	0	0	251522	92857348	42478474	197168	92309483	32	PAY	\N	\N	521	12948102
92857258	92857258	101	1	92309485	174	113	103	0	2020-02-12 11:22:47	1.77	0	0	0	251522	92857258	42478475	197168	92309485	32	PAY	\N	\N	521	12948190
92857441	92857441	101	1	92309486	174	113	103	0	2020-02-12 11:23:17	1.77	0	0	0	251522	92857441	42478476	197168	92309486	32	PAY	\N	\N	521	12948130
92857476	92857476	101	1	92309487	174	113	103	0	2020-02-12 11:23:35	1.77	0	0	0	251522	92857476	42478477	197168	92309487	32	PAY	\N	\N	521	12948198
92857485	92857485	101	1	92309488	174	113	103	0	2020-02-12 11:24:02	1.77	0	0	0	251522	92857485	42478478	197168	92309488	32	PAY	\N	\N	521	12948201
92857563	92857563	101	1	92309490	174	113	103	0	2020-02-12 11:24:11	1.77	0	0	0	251522	92857563	42478479	197168	92309490	32	PAY	\N	\N	521	12948136
92889148	92889148	101	1	92309492	174	113	103	0	2020-02-13 13:20:28	1.77	0	0	0	251522	92889148	42478480	197168	92309492	32	PAY	\N	\N	540	12959178
92889149	92889149	101	1	92309493	174	113	103	0	2020-02-13 13:20:28	1.77	0	0	0	251522	92889149	42478481	197168	92309493	32	PAY	\N	\N	540	12959179
92889150	92889150	101	1	92309494	174	113	103	0	2020-02-13 13:20:29	1.77	0	0	0	251522	92889150	42478482	197168	92309494	32	PAY	\N	\N	540	12959180
92889151	92889151	101	1	92309496	174	113	103	0	2020-02-13 13:20:30	1.77	0	0	0	251522	92889151	42478483	197168	92309496	32	PAY	\N	\N	540	12959181
92889154	92889154	101	1	92309501	174	113	103	0	2020-02-13 13:20:31	1.77	0	0	0	251522	92889154	42478487	197168	92309501	32	PAY	\N	\N	540	12959183
92890185	92890185	101	1	92309503	174	113	103	0	2020-02-13 13:44:15	1.77	0	0	0	251522	92890185	42478488	197168	92309503	32	PAY	\N	\N	540	12959443
92889331	92889331	101	1	92309504	174	113	103	0	2020-02-13 13:24:15	1.77	0	0	0	251522	92889331	42478489	197168	92309504	32	PAY	\N	\N	540	12959202
92890186	92890186	101	1	92309505	174	113	103	0	2020-02-13 13:44:16	1.77	0	0	0	251522	92890186	42478490	197168	92309505	32	PAY	\N	\N	540	12959444
92890187	92890187	101	1	92309506	174	113	103	0	2020-02-13 13:44:16	1.77	0	0	0	251522	92890187	42478491	197168	92309506	32	PAY	\N	\N	540	12959545
92890074	92890074	101	1	92309507	174	113	103	0	2020-02-13 13:44:16	1.77	0	0	0	251522	92890074	42478492	197168	92309507	32	PAY	\N	\N	540	12959456
92890986	92890986	101	1	92309527	174	113	103	0	2020-02-13 14:00:27	1.77	0	0	0	251522	92890986	42478503	197168	92309527	32	PAY	\N	\N	540	12959746
92890873	92890873	101	1	92309528	174	113	103	0	2020-02-13 13:56:19	1.77	0	0	0	251522	92890873	42478504	197168	92309528	32	PAY	\N	\N	540	12959619
92890874	92890874	101	1	92309529	174	113	103	0	2020-02-13 13:56:20	1.77	0	0	0	251522	92890874	42478505	197168	92309529	32	PAY	\N	\N	540	12959620
92890876	92890876	101	1	92309530	174	113	103	0	2020-02-13 13:56:20	1.77	0	0	0	251522	92890876	42478506	197168	92309530	32	PAY	\N	\N	540	12959621
92890511	92890511	101	1	92309531	174	113	103	0	2020-02-13 13:52:15	1.77	0	0	0	251522	92890511	42478507	197168	92309531	32	PAY	\N	\N	540	12959602
92890075	92890075	101	1	92309535	174	113	103	0	2020-02-13 13:44:17	1.77	0	0	0	251522	92890075	42478508	197168	92309535	32	PAY	\N	\N	540	12959457
92889332	92889332	101	1	92309538	174	113	103	0	2020-02-13 13:24:16	1.77	0	0	0	251522	92889332	42478509	197168	92309538	32	PAY	\N	\N	540	12959203
92857448	92857448	101	1	92309539	174	113	103	0	2020-02-12 11:23:49	1.77	0	0	0	251522	92857448	42478510	197168	92309539	32	PAY	\N	\N	521	12948132
92857468	92857468	101	1	92309547	174	113	103	0	2020-02-12 11:23:07	1.77	0	0	0	251522	92857468	42478511	197168	92309547	32	PAY	\N	\N	521	12948195
124373552	124373552	101	1	124373195	32	113	103	0	2023-08-25 15:11:26	14.64	0	0	0	251522	124373552	59575549	197168	124373195	4	PAY	\N	\N	543	26795587
123065489	123065489	101	1	122868581	174	113	103	0	2023-06-20 09:16:41	243.47	0	0	0	251522	123065489	58522082	197168	122868581	32	PAY	\N	\N	521	26484463
34731473	34731473	101	1	468800	32	113	103	0	2009-03-10 00:00:00	246	0	0	0	251522	34731473	570480	197168	468800	4	PAY	\N	\N	12	23902
75347134	75347134	101	1	74759654	174	113	103	0	2018-01-16 17:37:35	140	0	0	0	251522	75347134	33410853	197168	74759654	32	PAY	\N	\N	528	5037496
76580003	76580003	101	1	76362153	174	113	103	0	2018-03-12 15:41:01	42	0	0	0	251522	76580003	34202557	197168	76362153	32	PAY	\N	\N	528	5598825
79233327	79233327	101	1	78295649	174	113	103	0	2018-07-09 10:54:09	45	0	0	0	251522	79233327	35195505	197168	78295649	32	PAY	\N	\N	528	6795802
55249643	55249643	101	1	18180954	33	113	103	0	2011-09-23 00:00:00	290	0	0	0	251522	55249643	11213460	197168	18180954	5	PAY	\N	\N	6	105019
49023919	49023919	101	1	21781791	174	113	103	0	2013-01-15 00:00:00	150	0	0	0	251522	49023919	14810695	197168	21781791	33	PAY	\N	\N	531	240236119999
46978767	46978767	101	1	31810648	174	113	103	0	2016-02-18 00:00:00	40	0	0	0	251522	46978767	24832625	197168	31810648	32	PAY	\N	\N	540	21141644
40933972	40933972	101	1	19205823	174	113	103	0	2011-09-27 00:00:00	20	0	0	0	251522	40933972	12237420	197168	19205823	33	PAY	\N	\N	531	240236029999
56357330	56357330	101	1	19229440	174	113	103	0	2011-09-23 00:00:00	30	0	0	0	251522	56357330	12261002	197168	19229440	7	PAY	\N	\N	551	195337
50204405	50204405	101	1	28383041	174	113	103	0	2014-11-20 00:00:00	45	0	0	0	251522	50204405	21407069	197168	28383041	32	PAY	\N	\N	519	12280682
42073277	42073277	101	1	21493020	174	113	103	0	2012-08-14 00:00:00	25	0	0	0	251522	42073277	14522177	197168	21493020	22	PAY	\N	\N	551	771494
